{
  "config": {
    "d_model": 224,
    "label": "d224_l5_h4_p21598466",
    "n_heads": 4,
    "n_layers": 5,
    "n_params": 21598466
  },
  "epoch_summaries": [
    {
      "epoch": 1,
      "train_loss": 16.43032859827017,
      "val_loss": 1.2725128500889509
    }
  ]
}
