{
  "best_epoch": 10,
  "best_val_loss": 4.087893068790436,
  "config": {
    "assay_mode": "d2_logit",
    "batch_size": 256,
    "cond_id": 6,
    "device": "cuda",
    "embed_dim": 128,
    "epochs": 10,
    "ff_dim": 128,
    "head_type": "twohot",
    "label": "c06_twohot_d2_logit_max50k_K128",
    "lr": 0.0001,
    "lr_schedule": "warmup_cosine",
    "max_nM": 50000,
    "max_records": 0,
    "min_lr_scale": 0.1,
    "n_bins": 128,
    "n_heads": 4,
    "n_layers": 2,
    "n_params": 333232,
    "probe_alleles": [
      "HLA-A*02:01",
      "HLA-A*24:02",
      "HLA-A*03:01",
      "HLA-A*11:01",
      "HLA-A*01:01",
      "HLA-B*07:02",
      "HLA-B*44:02"
    ],
    "probe_peptides": [
      "SLLQHLIGL",
      "FLRYLLFGI",
      "NFLIKFLLI",
      "IMLEGETKL"
    ],
    "qualifier_filter": "all",
    "seed": 42,
    "sigma_mult": 0.75,
    "test_rows": 4060,
    "train_rows": 32805,
    "val_rows": 4184,
    "warmup_fraction": 0.1,
    "weight_decay": 0.01
  },
  "epoch_summaries": [
    {
      "epoch": 1,
      "epoch_time_s": 6.146,
      "lr_end": 0.0001,
      "train_grad_norm_output": 0.5071635934733605,
      "train_grad_norm_total": 0.5642915490523789,
      "train_loss": 4.59041176101034,
      "train_loss_ce": 4.808235508526942,
      "train_loss_surv": 3.993552477784859,
      "train_lr": 5.0883720930232606e-05,
      "train_n_censored": 67.51162790697674,
      "train_n_exact": 186.7906976744186,
      "val_accuracy": 0.5199472308158875,
      "val_auprc": 0.5047379732131958,
      "val_auroc": 0.5435161590576172,
      "val_balanced_accuracy": 0.5,
      "val_coverage_90": 0.8354763984680176,
      "val_entropy_error_srcc": -0.002466344041749835,
      "val_f1": 0.0,
      "val_loss": 4.389581413830028,
      "val_n_censored": 1151,
      "val_n_exact": 3033,
      "val_n_samples": 3033,
      "val_n_supervised": 4184,
      "val_pearson": 0.09208798408508301,
      "val_pit_ks": 0.20338982343673706,
      "val_precision": 0.0,
      "val_recall": 0.0,
      "val_rmse_log10": 1.526468276977539,
      "val_spearman": 0.09248822927474976,
      "val_split": "val"
    },
    {
      "epoch": 2,
      "epoch_time_s": 4.598,
      "lr_end": 9.728616793536591e-05,
      "train_grad_norm_output": 0.492805047552715,
      "train_grad_norm_total": 0.5349167109459869,
      "train_loss": 4.271305171094199,
      "train_loss_ce": 4.728062733199245,
      "train_loss_surv": 3.002581977104956,
      "train_lr": 9.908115348972895e-05,
      "train_n_censored": 67.51162790697674,
      "train_n_exact": 186.7906976744186,
      "val_accuracy": 0.5944609045982361,
      "val_auprc": 0.5949673056602478,
      "val_auroc": 0.6308882236480713,
      "val_balanced_accuracy": 0.5850139409303665,
      "val_coverage_90": 0.8414111733436584,
      "val_entropy_error_srcc": -0.01893261820077896,
      "val_f1": 0.4518716713437962,
      "val_loss": 4.264705864822163,
      "val_n_censored": 1151,
      "val_n_exact": 3033,
      "val_n_samples": 3033,
      "val_n_supervised": 4184,
      "val_pearson": 0.28633901476860046,
      "val_pit_ks": 0.14797323942184448,
      "val_precision": 0.643401026725769,
      "val_recall": 0.3482142984867096,
      "val_rmse_log10": 1.4441498517990112,
      "val_spearman": 0.2892990708351135,
      "val_split": "val"
    },
    {
      "epoch": 3,
      "epoch_time_s": 4.529,
      "lr_end": 8.947199994035407e-05,
      "train_grad_norm_output": 0.4869687855243683,
      "train_grad_norm_total": 0.553835415562918,
      "train_loss": 4.1912123602490094,
      "train_loss_ce": 4.674676514411157,
      "train_loss_surv": 2.8662742810655932,
      "train_lr": 9.374327835246429e-05,
      "train_n_censored": 67.51162790697674,
      "train_n_exact": 186.7906976744186,
      "val_accuracy": 0.6412792801856995,
      "val_auprc": 0.653258204460144,
      "val_auroc": 0.6853755712509155,
      "val_balanced_accuracy": 0.6335141807794571,
      "val_coverage_90": 0.8404220342636108,
      "val_entropy_error_srcc": 0.01071898452937603,
      "val_f1": 0.5401521462660569,
      "val_loss": 4.206483854967005,
      "val_n_censored": 1151,
      "val_n_exact": 3033,
      "val_n_samples": 3033,
      "val_n_supervised": 4184,
      "val_pearson": 0.39004117250442505,
      "val_pit_ks": 0.16037356853485107,
      "val_precision": 0.702197790145874,
      "val_recall": 0.43887361884117126,
      "val_rmse_log10": 1.398175597190857,
      "val_spearman": 0.3965083062648773,
      "val_split": "val"
    },
    {
      "epoch": 4,
      "epoch_time_s": 4.523,
      "lr_end": 7.75000000000001e-05,
      "train_grad_norm_output": 0.5367933599523795,
      "train_grad_norm_total": 0.6230036572430485,
      "train_loss": 4.131322620450988,
      "train_loss_ce": 4.627068216486495,
      "train_loss_surv": 2.7564634010773297,
      "train_lr": 8.373239205600127e-05,
      "train_n_censored": 67.51162790697674,
      "train_n_exact": 186.7906976744186,
      "val_accuracy": 0.6722716689109802,
      "val_auprc": 0.6860050559043884,
      "val_auroc": 0.7188529968261719,
      "val_balanced_accuracy": 0.6692724227905273,
      "val_coverage_90": 0.8480052947998047,
      "val_entropy_error_srcc": -0.0153615428134799,
      "val_f1": 0.6350954311710774,
      "val_loss": 4.1534280426361985,
      "val_n_censored": 1151,
      "val_n_exact": 3033,
      "val_n_samples": 3033,
      "val_n_supervised": 4184,
      "val_pearson": 0.4466909170150757,
      "val_pit_ks": 0.10089010000228882,
      "val_precision": 0.6821766495704651,
      "val_recall": 0.594093382358551,
      "val_rmse_log10": 1.3202978372573853,
      "val_spearman": 0.45701512694358826,
      "val_split": "val"
    },
    {
      "epoch": 5,
      "epoch_time_s": 4.472,
      "lr_end": 6.281416799501221e-05,
      "train_grad_norm_output": 0.5808389029761617,
      "train_grad_norm_total": 0.680388284284015,
      "train_loss": 4.096504329710967,
      "train_loss_ce": 4.592229107553645,
      "train_loss_surv": 2.733470313308775,
      "train_lr": 7.02559552326399e-05,
      "train_n_censored": 67.51162790697674,
      "train_n_exact": 186.7906976744186,
      "val_accuracy": 0.6890867352485657,
      "val_auprc": 0.7025741338729858,
      "val_auroc": 0.7326768040657043,
      "val_balanced_accuracy": 0.6854950785636902,
      "val_coverage_90": 0.8391032218933105,
      "val_entropy_error_srcc": -0.03494121506810188,
      "val_f1": 0.6477400060647573,
      "val_loss": 4.127666284056271,
      "val_n_censored": 1151,
      "val_n_exact": 3033,
      "val_n_samples": 3033,
      "val_n_supervised": 4184,
      "val_pearson": 0.47241678833961487,
      "val_pit_ks": 0.10089010000228882,
      "val_precision": 0.710073709487915,
      "val_recall": 0.5954670310020447,
      "val_rmse_log10": 1.3084864616394043,
      "val_spearman": 0.4794558584690094,
      "val_split": "val"
    },
    {
      "epoch": 6,
      "epoch_time_s": 4.832,
      "lr_end": 4.718583200498839e-05,
      "train_grad_norm_output": 0.6244741537312205,
      "train_grad_norm_total": 0.7452712373216023,
      "train_loss": 4.071929946426273,
      "train_loss_ce": 4.570863827254421,
      "train_loss_surv": 2.693525879420051,
      "train_lr": 5.493942505430254e-05,
      "train_n_censored": 67.51162790697674,
      "train_n_exact": 186.7906976744186,
      "val_accuracy": 0.6930431723594666,
      "val_auprc": 0.7141510248184204,
      "val_auroc": 0.7445573210716248,
      "val_balanced_accuracy": 0.6907226145267487,
      "val_coverage_90": 0.8450379371643066,
      "val_entropy_error_srcc": -0.04850609973073006,
      "val_f1": 0.6642625298074479,
      "val_loss": 4.1081836118417625,
      "val_n_censored": 1151,
      "val_n_exact": 3033,
      "val_n_samples": 3033,
      "val_n_supervised": 4184,
      "val_pearson": 0.4920697808265686,
      "val_pit_ks": 0.10089010000228882,
      "val_precision": 0.6993166208267212,
      "val_recall": 0.6325549483299255,