run_id,label,epoch,peptide,allele,tag,ic50_log10,ic50_nM,binding_prob,processing_prob,presentation_prob,display_label
traj-1ep-20260305T115512-filt,traj-1ep-20260305T115512-filt,1,SLLQHLIGL,HLA-A*02:01,probe_sllqhligl_hla_a_02_01,4.932459831237793,85597.2537452663,0.0016898917140521,0.0536888837814331,0.1064555719494819,traj-1ep-20260305T115512-filt
traj-1ep-20260305T115512-filt,traj-1ep-20260305T115512-filt,1,SLLQHLIGL,HLA-A*24:02,probe_sllqhligl_hla_a_24_02,4.932427406311035,85590.86319417448,0.0016900480127478,0.0536888726055622,0.1068469211459159,traj-1ep-20260305T115512-filt
traj-small-20260305T090854-filt,traj-small-20260305T090854-filt,6,SLLQHLIGL,HLA-A*02:01,probe_sllqhligl_hla_a_02_01,2.224020004272461,167.50200282508516,0.7952716865056915,0.0071635958738625,0.992580771446228,traj-small-20260305T090854-filt
traj-small-20260305T090854-filt,traj-small-20260305T090854-filt,6,SLLQHLIGL,HLA-A*24:02,probe_sllqhligl_hla_a_24_02,2.224428176879883,167.6595039467398,0.7950817454856232,0.0071636666543781,0.9924887418746948,traj-small-20260305T090854-filt
