{
  "winner_by_test_spearman": "c02_mhcflurry_additive_max200k",
  "winner_test_spearman": 0.6209179759025574,
  "winner_test_auroc": 0.8124171495437622,
  "winner_test_auprc": 0.7973034977912903,
  "winner_test_rmse_log10": 1.1507232189178467,
  "best_by_family": [
    {
      "run_id": "dist-ba-clean-fix-c12",
      "app_id": "ap-Rg2oBI1ZVzfQUtx9i0sayB",
      "label": "c12_hlgauss_d2_logit_max200k_K128_s0.75",
      "head_type": "hlgauss",
      "assay_mode": "d2_logit",
      "max_nM": 200000,
      "n_bins": 128,
      "sigma_mult": 0.75,
      "best_epoch": 10,
      "best_val_loss": 3.589254677295685,
      "n_params": 333232,
      "train_rows": 32805,
      "val_rows": 4184,
      "test_rows": 4060,
      "mean_epoch_time_s": 4.647600000000001,
      "total_epoch_time_s": 46.476000000000006,
      "val_accuracy": 0.7138146758079529,
      "val_auprc": 0.7482424378395081,
      "val_auroc": 0.7754939198493958,
      "val_balanced_accuracy": 0.7113296091556549,
      "val_f1": 0.6852791827673965,
      "val_loss": 3.589254677295685,
      "val_n_censored": 1151,
      "val_n_exact": 3033,
      "val_n_samples": 3033,
      "val_n_supervised": 4184,
      "val_pearson": 0.5563388466835022,
      "val_precision": 0.725806474685669,
      "val_recall": 0.6490384340286255,
      "val_rmse_log10": 1.236148476600647,
      "val_spearman": 0.5597305297851562,
      "test_accuracy": 0.7026483416557312,
      "test_auprc": 0.7580337524414062,
      "test_auroc": 0.7709308862686157,
      "test_balanced_accuracy": 0.7008271813392639,
      "test_f1": 0.6720887282249186,
      "test_loss": 3.6439897045493126,
      "test_n_censored": 1077,
      "test_n_exact": 2983,
      "test_n_samples": 2983,
      "test_n_supervised": 4060,
      "test_pearson": 0.5358551740646362,
      "test_precision": 0.7277822494506836,
      "test_recall": 0.6243131756782532,
      "test_rmse_log10": 1.2523597478866577,
      "test_spearman": 0.5381196141242981,
      "probe_HLAA0201_SLLQHLIGL_nM": 132.8948974609375,
      "probe_HLAA0201_FLRYLLFGI_nM": 80.91957092285156,
      "probe_HLAA2402_NFLIKFLLI_nM": 19884.861328125,
      "val_coverage_90": 0.9165842533111572,
      "val_entropy_error_srcc": 0.055424779653549194,
      "val_pit_ks": 0.08138120174407959,
      "test_coverage_90": 0.9225611686706543,
      "test_entropy_error_srcc": 0.06591843068599701,
      "test_pit_ks": 0.09497863054275513
    },
    {
      "run_id": "dist-ba-clean-fix-c04",
      "app_id": "ap-K5CqLTGeEzHZMJhIF3w6QZ",
      "label": "c04_log_mse_additive_max200k",
      "head_type": "log_mse",
      "assay_mode": "additive",
      "max_nM": 200000,
      "n_bins": 128,
      "sigma_mult": 0.75,
      "best_epoch": 10,
      "best_val_loss": 5.640616543152753,
      "n_params": 304530,
      "train_rows": 32805,
      "val_rows": 4184,
      "test_rows": 4060,
      "mean_epoch_time_s": 4.1128,
      "total_epoch_time_s": 41.128,
      "val_accuracy": 0.7286515235900879,
      "val_auprc": 0.7762205004692078,
      "val_auroc": 0.8045988082885742,
      "val_balanced_accuracy": 0.7252810597419739,
      "val_f1": 0.69393826957774,
      "val_loss": 5.640616543152753,
      "val_n_censored": 1151,
      "val_n_exact": 3033,
      "val_n_samples": 3033,
      "val_n_supervised": 4184,
      "val_pearson": 0.6113812923431396,
      "val_precision": 0.7566909790039062,
      "val_recall": 0.6407967209815979,
      "val_rmse_log10": 1.1777865886688232,
      "val_spearman": 0.6171874403953552,
      "test_accuracy": 0.7237679958343506,
      "test_auprc": 0.7866013050079346,
      "test_auroc": 0.8030474781990051,
      "test_balanced_accuracy": 0.7213760316371918,
      "test_f1": 0.6869300752810731,
      "test_loss": 6.048154100775719,
      "test_n_censored": 1077,
      "test_n_exact": 2983,
      "test_n_samples": 2983,
      "test_n_supervised": 4060,
      "test_pearson": 0.598315954208374,
      "test_precision": 0.7687074542045593,
      "test_recall": 0.6208791136741638,
      "test_rmse_log10": 1.1864134073257446,
      "test_spearman": 0.5994569063186646,
      "probe_HLAA0201_SLLQHLIGL_nM": 133.79193115234375,
      "probe_HLAA0201_FLRYLLFGI_nM": 177.45034790039062,
      "probe_HLAA2402_NFLIKFLLI_nM": 17979.203125,
      "val_coverage_90": NaN,
      "val_entropy_error_srcc": NaN,
      "val_pit_ks": NaN,
      "test_coverage_90": NaN,
      "test_entropy_error_srcc": NaN,
      "test_pit_ks": NaN
    },
    {
      "run_id": "dist-ba-clean-fix-c02",
      "app_id": "ap-TqOY2SFMxOzhfbpZghif2S",
      "label": "c02_mhcflurry_additive_max200k",
      "head_type": "mhcflurry",
      "assay_mode": "additive",
      "max_nM": 200000,
      "n_bins": 128,
      "sigma_mult": 0.75,
      "best_epoch": 10,
      "best_val_loss": 0.037910573184490204,
      "n_params": 304530,
      "train_rows": 32805,
      "val_rows": 4184,
      "test_rows": 4060,
      "mean_epoch_time_s": 4.5867,
      "total_epoch_time_s": 45.867000000000004,
      "val_accuracy": 0.7431585788726807,
      "val_auprc": 0.7910698652267456,
      "val_auroc": 0.8169549703598022,
      "val_balanced_accuracy": 0.74112868309021,
      "val_f1": 0.7206884158268062,
      "val_loss": 0.037910573184490204,
      "val_n_censored": 1151,
      "val_n_exact": 3033,
      "val_n_samples": 3033,
      "val_n_supervised": 4184,
      "val_pearson": 0.63410484790802,
      "val_precision": 0.7539384961128235,
      "val_recall": 0.6902472376823425,
      "val_rmse_log10": 1.140857458114624,
      "val_spearman": 0.6397463083267212,
      "test_accuracy": 0.7341602444648743,
      "test_auprc": 0.7973034977912903,
      "test_auroc": 0.8124171495437622,
      "test_balanced_accuracy": 0.7326124012470245,
      "test_f1": 0.7102667041688571,
      "test_loss": 0.04043400939553976,
      "test_n_censored": 1077,
      "test_n_exact": 2983,
      "test_n_samples": 2983,
      "test_n_supervised": 4060,
      "test_pearson": 0.6208909749984741,
      "test_precision": 0.7587822079658508,
      "test_recall": 0.6675823926925659,
      "test_rmse_log10": 1.1507232189178467,
      "test_spearman": 0.6209179759025574,
      "probe_HLAA0201_SLLQHLIGL_nM": 70.21932983398438,
      "probe_HLAA0201_FLRYLLFGI_nM": 98.22454833984375,
      "probe_HLAA2402_NFLIKFLLI_nM": 12580.947265625,
      "val_coverage_90": NaN,
      "val_entropy_error_srcc": NaN,
      "val_pit_ks": NaN,
      "test_coverage_90": NaN,
      "test_entropy_error_srcc": NaN,
      "test_pit_ks": NaN
    },
    {
      "run_id": "dist-ba-clean-fix-c08",
      "app_id": "ap-r5IYqFjZcXblHZDN9fysTe",
      "label": "c08_twohot_d2_logit_max200k_K128",
      "head_type": "twohot",
      "assay_mode": "d2_logit",
      "max_nM": 200000,
      "n_bins": 128,
      "sigma_mult": 0.75,
      "best_epoch": 10,
      "best_val_loss": 3.597732088145088,
      "n_params": 333232,
      "train_rows": 32805,
      "val_rows": 4184,
      "test_rows": 4060,
      "mean_epoch_time_s": 6.476699999999999,
      "total_epoch_time_s": 64.767,
      "val_accuracy": 0.709858238697052,
      "val_auprc": 0.7399572134017944,
      "val_auroc": 0.7699515223503113,
      "val_balanced_accuracy": 0.707577645778656,
      "val_f1": 0.6827685598297653,
      "val_loss": 3.597732088145088,
      "val_n_censored": 1151,
      "val_n_exact": 3033,
      "val_n_samples": 3033,
      "val_n_supervised": 4184,
      "val_pearson": 0.5462501049041748,
      "val_precision": 0.7185128927230835,
      "val_recall": 0.6504120826721191,
      "val_rmse_log10": 1.2463661432266235,
      "val_spearman": 0.5502620935440063,
      "test_accuracy": 0.702983558177948,
      "test_auprc": 0.7545945048332214,
      "test_auroc": 0.768173336982727,
      "test_balanced_accuracy": 0.7012184858322144,
      "test_f1": 0.6733038203563851,
      "test_loss": 3.654928609728813,
      "test_n_censored": 1077,
      "test_n_exact": 2983,
      "test_n_samples": 2983,
      "test_n_supervised": 4060,