{
  "config": {
    "d_model": 224,
    "label": "d224_l4_h8_p20388418",
    "n_heads": 8,
    "n_layers": 4,
    "n_params": 20388418
  },
  "epoch_summaries": [
    {
      "epoch": 1,
      "train_loss": 15.435242981105656,
      "val_loss": 1.2769345274338355
    }
  ]
}
