{
  "best_by_test_spearman": {
    "assay_input_mode": "none",
    "assay_mode": "additive",
    "batch_size": 256,
    "best_val_loss": 0.03266802430152893,
    "best_val_loss_epoch": 25,
    "best_val_spearman": 0.7936273813247681,
    "best_val_spearman_epoch": 24,
    "cond_id": 2,
    "content_conditioned": false,
    "device": "cuda",
    "display_label": "c02_mhcflurry_additive_max100k_d32 [dist-ba-v6-honest-groove_c02-c02-ai0-e050-s43]",
    "embed_dim": 32,
    "encoder_backbone": "groove",
    "epochs": 50,
    "final_epoch": 50,
    "final_val_loss": 0.034145466051995754,
    "final_val_spearman": 0.7901116609573364,
    "head_type": "mhcflurry",
    "init_checkpoint": null,
    "label": "c02_mhcflurry_additive_max100k_d32",
    "lr": 0.001,
    "max_nM": 100000,
    "mean_epoch_s": 1.6776,
    "measurement_profile": "numeric_no_qualitative",
    "n_bins": 128,
    "n_heads": 4,
    "n_layers": 2,
    "n_params": 54803,
    "probe_alleles": "[\"HLA-A*02:01\", \"HLA-A*24:02\"]",
    "run_id": "dist-ba-v6-honest-groove_c02-c02-ai0-e050-s43",
    "seed": 43,
    "sigma_mult": 0.75,
    "test_accuracy": 0.8659740090370178,
    "test_auprc": 0.8640232682228088,
    "test_auroc": 0.920632541179657,
    "test_balanced_accuracy": 0.8593757748603821,
    "test_f1": 0.8300395195277281,
    "test_loss": 0.032268197974190116,
    "test_pearson": 0.8052296042442322,
    "test_precision": 0.8322324752807617,
    "test_recall": 0.8278580904006958,
    "test_rmse_log10": 0.9383441209793091,
    "test_rows": 1925,
    "test_spearman": 0.7995138764381409,
    "train_rows": 15465,
    "val_rows": 1974,
    "warm_start": null
  },
  "experiment_dir": "/Users/iskander/code/presto/experiments/2026-03-16_2142_codex_exp21-honest-no-assay-repeat",
  "n_conditions": 3
}
