{
  "best_by_test_spearman": {
    "assay_mode": "additive",
    "batch_size": 256,
    "best_val_loss": 0.027192558627575636,
    "best_val_loss_epoch": 34,
    "best_val_spearman": 0.8267577886581421,
    "best_val_spearman_epoch": 43,
    "cond_id": 2,
    "content_conditioned": false,
    "device": "cuda",
    "display_label": "c02_mhcflurry_additive_max100k_d32 [v6ext-r01-c02-cc0-100ep-s42]",
    "embed_dim": 32,
    "epochs": 100,
    "final_epoch": 100,
    "final_val_loss": 0.030326245818287134,
    "final_val_spearman": 0.8159413933753967,
    "head_type": "mhcflurry",
    "label": "c02_mhcflurry_additive_max100k_d32",
    "lr": 0.001,
    "max_nM": 100000,
    "mean_epoch_s": 1.9579999999999997,
    "n_bins": 128,
    "n_heads": 4,
    "n_layers": 2,
    "n_params": 27186,
    "probe_alleles": "[\"HLA-A*02:01\", \"HLA-A*24:02\"]",
    "run_id": "v6ext-r01-c02-cc0-100ep-s42",
    "seed": 42,
    "sigma_mult": 0.75,
    "test_accuracy": 0.8668407201766968,
    "test_auprc": 0.8959139585494995,
    "test_auroc": 0.9371061325073242,
    "test_balanced_accuracy": 0.8633354306221008,
    "test_f1": 0.834737538013193,
    "test_loss": 0.02737086173146963,
    "test_pearson": 0.8368889093399048,
    "test_precision": 0.8235294222831726,
    "test_recall": 0.8462549448013306,
    "test_rmse_log10": 0.856495201587677,
    "test_rows": 1915,
    "test_spearman": 0.8369008898735046,
    "train_rows": 15530,
    "val_rows": 1919
  },
  "experiment_dir": "/Users/iskander/code/presto/experiments/2026-03-14_1800_claude_v6-winner-extended-training",
  "n_conditions": 6
}
