{
  "best_val": {
    "design_id": "A03",
    "batch_size": 64,
    "app_id": "ap-HP8JxIPXvHIEWJvR9kWPdI",
    "run_id": "h100-bssweep-r1-a03-bs64-20260312a",
    "requested_gpu": "H100!",
    "status": "ok",
    "epoch": 5,
    "setup_wall_s": null,
    "epoch_wall_s": 76.220362953,
    "gpu_busy_wall_s": 60.96987230100217,
    "gpu_util_mean_pct": 48.891891891891895,
    "gpu_mem_util_mean_pct": 12.486486486486486,
    "gpu_peak_allocated_gib": 8.277466297149658,
    "gpu_peak_reserved_gib": 19.62890625,
    "train_data_wait_s": 3.0730269519997364,
    "train_forward_loss_s": 38.6434273400011,
    "train_backward_s": 16.463067097000703,
    "train_optimizer_s": 2.0626277960003563,
    "train_loss": 0.5903152232941199,
    "val_loss": 0.7769205006518105,
    "observed_train_examples": 86080,
    "sll_a02_nM": 47.87513126351083,
    "sll_a24_nM": 12472.060409222706,
    "sll_ratio_a24_over_a02": 260.5122968869765,
    "flr_a02_nM": 14.915583618832253,
    "flr_a24_nM": 5576.864649513361,
    "flr_ratio_a24_over_a02": 373.8951684379331,
    "nfl_a02_nM": 3472.3018040898423,
    "nfl_a24_nM": 3856.9212218581047,
    "nfl_ratio_a02_over_a24": 0.9002781245340115,
    "log_path": "launch_logs/h100-bssweep-r1-a03-bs64-20260312a.log"
  },
  "best_probe_score": {
    "design_id": "A03",
    "batch_size": 256,
    "app_id": "ap-YafjQ5qMFsS6FRhcF2gXJf",
    "run_id": "h100-bssweep-r1-a03-bs256-20260312a",
    "requested_gpu": "H100!",
    "status": "ok",
    "epoch": 5,
    "setup_wall_s": null,
    "epoch_wall_s": 58.82007584399997,
    "gpu_busy_wall_s": 38.23485361300078,
    "gpu_util_mean_pct": 48.80357142857143,
    "gpu_mem_util_mean_pct": 23.892857142857142,
    "gpu_peak_allocated_gib": 32.75030183792114,
    "gpu_peak_reserved_gib": 73.251953125,
    "train_data_wait_s": 6.101022798000258,
    "train_forward_loss_s": 25.498570008999934,
    "train_backward_s": 8.29393805400025,
    "train_optimizer_s": 0.975650775000588,
    "train_loss": 0.5664338135457301,
    "val_loss": 0.9849985639254252,
    "observed_train_examples": 93184,
    "sll_a02_nM": 15.683127131092613,
    "sll_a24_nM": 25116.82903330817,
    "sll_ratio_a24_over_a02": 1601.5191883200866,
    "flr_a02_nM": 10.517276130432474,
    "flr_a24_nM": 2025.697457732771,
    "flr_ratio_a24_over_a02": 192.60666284792825,
    "nfl_a02_nM": 2497.8717321019917,
    "nfl_a24_nM": 128.46925899309795,
    "nfl_ratio_a02_over_a24": 19.44334194561043,
    "log_path": "launch_logs/h100-bssweep-r1-a03-bs256-20260312a.log"
  },
  "fastest_epoch": {
    "design_id": "A07",
    "batch_size": 256,
    "app_id": "ap-6QC7P7F1dOmypEOrdPjV2O",
    "run_id": "h100-bssweep-r1-a07-bs256-20260312a",
    "requested_gpu": "H100!",
    "status": "ok",
    "epoch": 5,
    "setup_wall_s": null,
    "epoch_wall_s": 43.962402215,
    "gpu_busy_wall_s": 25.029491392999944,
    "gpu_util_mean_pct": 66.02325581395348,
    "gpu_mem_util_mean_pct": 32.27906976744186,
    "gpu_peak_allocated_gib": 32.751195430755615,
    "gpu_peak_reserved_gib": 73.25390625,
    "train_data_wait_s": 3.7714512269997726,
    "train_forward_loss_s": 17.552659855000144,
    "train_backward_s": 4.734141380999603,
    "train_optimizer_s": 0.6432674590001852,
    "train_loss": 0.5005918515252543,
    "val_loss": 0.8104638376019218,
    "observed_train_examples": 93184,
    "sll_a02_nM": 52.59271239712947,
    "sll_a24_nM": 8634.07146667129,
    "sll_ratio_a24_over_a02": 164.16859053541688,
    "flr_a02_nM": 16.035963265601534,
    "flr_a24_nM": 884.382729733685,
    "flr_ratio_a24_over_a02": 55.149959817553274,
    "nfl_a02_nM": 2698.79259517718,
    "nfl_a24_nM": 73.25562606940301,
    "nfl_ratio_a02_over_a24": 36.84075531100261,
    "log_path": "launch_logs/h100-bssweep-r1-a07-bs256-20260312a.log"
  }
}