{
  "best_epoch": 10,
  "best_val_loss": 0.037910573184490204,
  "config": {
    "assay_mode": "additive",
    "batch_size": 256,
    "cond_id": 2,
    "device": "cuda",
    "embed_dim": 128,
    "epochs": 10,
    "ff_dim": 128,
    "head_type": "mhcflurry",
    "label": "c02_mhcflurry_additive_max200k",
    "lr": 0.0001,
    "lr_schedule": "warmup_cosine",
    "max_nM": 200000,
    "max_records": 0,
    "min_lr_scale": 0.1,
    "n_bins": 128,
    "n_heads": 4,
    "n_layers": 2,
    "n_params": 304530,
    "probe_alleles": [
      "HLA-A*02:01",
      "HLA-A*24:02",
      "HLA-A*03:01",
      "HLA-A*11:01",
      "HLA-A*01:01",
      "HLA-B*07:02",
      "HLA-B*44:02"
    ],
    "probe_peptides": [
      "SLLQHLIGL",
      "FLRYLLFGI",
      "NFLIKFLLI",
      "IMLEGETKL"
    ],
    "qualifier_filter": "all",
    "seed": 42,
    "sigma_mult": 0.75,
    "test_rows": 4060,
    "train_rows": 32805,
    "val_rows": 4184,
    "warmup_fraction": 0.1,
    "weight_decay": 0.01
  },
  "epoch_summaries": [
    {
      "epoch": 1,
      "epoch_time_s": 5.956,
      "lr_end": 0.0001,
      "train_grad_norm_output": 0.05078666740956232,
      "train_grad_norm_total": 0.0674501439888579,
      "train_loss": 0.07014802667175153,
      "train_loss_mhcflurry": 0.07014802667175153,
      "train_lr": 5.0883720930232606e-05,
      "val_accuracy": 0.5858885645866394,
      "val_auprc": 0.6082874536514282,
      "val_auroc": 0.6491011381149292,
      "val_balanced_accuracy": 0.5737403035163879,
      "val_f1": 0.3843137399053077,
      "val_loss": 0.05999403052470263,
      "val_n_censored": 1151,
      "val_n_exact": 3033,
      "val_n_samples": 3033,
      "val_n_supervised": 4184,
      "val_pearson": 0.32210537791252136,
      "val_precision": 0.6712328791618347,
      "val_recall": 0.26923078298568726,
      "val_rmse_log10": 1.4407169818878174,
      "val_spearman": 0.32139384746551514,
      "val_split": "val"
    },
    {
      "epoch": 2,
      "epoch_time_s": 4.444,
      "lr_end": 9.728616793536591e-05,
      "train_grad_norm_output": 0.03523828023539264,
      "train_grad_norm_total": 0.05446334391139274,
      "train_loss": 0.053472324195065236,
      "train_loss_mhcflurry": 0.053472324195065236,
      "train_lr": 9.908115348972895e-05,
      "val_accuracy": 0.68513023853302,
      "val_auprc": 0.7147624492645264,
      "val_auroc": 0.7527437210083008,
      "val_balanced_accuracy": 0.6793189942836761,
      "val_f1": 0.6193702717192742,
      "val_loss": 0.04715610624236219,
      "val_n_censored": 1151,
      "val_n_exact": 3033,
      "val_n_samples": 3033,
      "val_n_supervised": 4184,
      "val_pearson": 0.5103825926780701,
      "val_precision": 0.7378917336463928,
      "val_recall": 0.5336538553237915,
      "val_rmse_log10": 1.2879306077957153,
      "val_spearman": 0.5158174633979797,
      "val_split": "val"
    },
    {
      "epoch": 3,
      "epoch_time_s": 4.423,
      "lr_end": 8.947199994035407e-05,
      "train_grad_norm_output": 0.033195105735068176,
      "train_grad_norm_total": 0.06302228105045105,
      "train_loss": 0.045582614434781926,
      "train_loss_mhcflurry": 0.045582614434781926,
      "train_lr": 9.374327835246429e-05,
      "val_accuracy": 0.7029343843460083,
      "val_auprc": 0.7499709725379944,
      "val_auroc": 0.7815528512001038,
      "val_balanced_accuracy": 0.6962029933929443,
      "val_f1": 0.630283163556569,
      "val_loss": 0.044004625531242174,
      "val_n_censored": 1151,
      "val_n_exact": 3033,
      "val_n_samples": 3033,
      "val_n_supervised": 4184,
      "val_pearson": 0.5650290846824646,
      "val_precision": 0.7828746438026428,
      "val_recall": 0.5274725556373596,
      "val_rmse_log10": 1.2630053758621216,
      "val_spearman": 0.5708680748939514,
      "val_split": "val"
    },
    {
      "epoch": 4,
      "epoch_time_s": 4.424,
      "lr_end": 7.75000000000001e-05,
      "train_grad_norm_output": 0.030614661529313688,
      "train_grad_norm_total": 0.0633112432709498,
      "train_loss": 0.04272934040704439,
      "train_loss_mhcflurry": 0.04272934040704439,
      "train_lr": 8.373239205600127e-05,
      "val_accuracy": 0.7223870754241943,
      "val_auprc": 0.7641334533691406,
      "val_auroc": 0.7943044900894165,
      "val_balanced_accuracy": 0.7195204496383667,
      "val_f1": 0.6913489788785284,
      "val_loss": 0.040953432757626564,
      "val_n_censored": 1151,
      "val_n_exact": 3033,
      "val_n_samples": 3033,
      "val_n_supervised": 4184,
      "val_pearson": 0.5918238162994385,
      "val_precision": 0.7413522005081177,
      "val_recall": 0.6476648449897766,
      "val_rmse_log10": 1.1910979747772217,
      "val_spearman": 0.5964799523353577,
      "val_split": "val"
    },
    {
      "epoch": 5,
      "epoch_time_s": 4.457,
      "lr_end": 6.281416799501221e-05,
      "train_grad_norm_output": 0.027529795762411383,
      "train_grad_norm_total": 0.062411964791574216,
      "train_loss": 0.041050945372544514,
      "train_loss_mhcflurry": 0.041050945372544514,
      "train_lr": 7.02559552326399e-05,
      "val_accuracy": 0.7246950268745422,
      "val_auprc": 0.7733599543571472,
      "val_auroc": 0.8019077181816101,
      "val_balanced_accuracy": 0.7214763462543488,
      "val_f1": 0.6908552429142374,
      "val_loss": 0.03975368072004879,
      "val_n_censored": 1151,
      "val_n_exact": 3033,
      "val_n_samples": 3033,
      "val_n_supervised": 4184,
      "val_pearson": 0.6076154708862305,
      "val_precision": 0.7493975758552551,
      "val_recall": 0.6407967209815979,
      "val_rmse_log10": 1.1808315515518188,
      "val_spearman": 0.6124207973480225,
      "val_split": "val"
    },
    {
      "epoch": 6,
      "epoch_time_s": 4.72,
      "lr_end": 4.718583200498839e-05,
      "train_grad_norm_output": 0.025607838100472163,
      "train_grad_norm_total": 0.06102762775596722,
      "train_loss": 0.039897627753111745,
      "train_loss_mhcflurry": 0.039897627753111745,
      "train_lr": 5.493942505430254e-05,
      "val_accuracy": 0.7329376935958862,
      "val_auprc": 0.7797874808311462,
      "val_auroc": 0.8080515265464783,
      "val_balanced_accuracy": 0.7305094599723816,
      "val_f1": 0.7065217409312186,
      "val_loss": 0.03895279666518464,
      "val_n_censored": 1151,
      "val_n_exact": 3033,
      "val_n_samples": 3033,
      "val_n_supervised": 4184,
      "val_pearson": 0.6178444623947144,
      "val_precision": 0.7476993799209595,
      "val_recall": 0.6696428656578064,
      "val_rmse_log10": 1.1627302169799805,
      "val_spearman": 0.6229740977287292,
      "val_split": "val"
    },
    {
      "epoch": 7,
      "epoch_time_s": 4.353,
      "lr_end": 3.250000000000028e-05,
      "train_grad_norm_output": 0.02757599483453488,
      "train_grad_norm_total": 0.06540147220903589,
      "train_loss": 0.039294153870653735,
      "train_loss_mhcflurry": 0.039294153870653735,
      "train_lr": 3.9630201108407134e-05,
      "val_accuracy": 0.7382130026817322,
      "val_auprc": 0.7835325002670288,
      "val_auroc": 0.810539722442627,
      "val_balanced_accuracy": 0.7360303103923798,
      "val_f1": 0.7141828652284715,
      "val_loss": 0.03862214554101229,
      "val_n_censored": 1151,
      "val_n_exact": 3033,
      "val_n_samples": 3033,
      "val_n_supervised": 4184,
      "val_pearson": 0.623576283454895,
      "val_precision": 0.7503781914710999,
      "val_recall": 0.6813187003135681,
      "val_rmse_log10": 1.1530077457427979,
      "val_spearman": 0.6285647749900818,
      "val_split": "val"
    },
    {
      "epoch": 8,
      "epoch_time_s": 4.366,
      "lr_end": 2.0528000059646228e-05,
      "train_grad_norm_output": 0.02290783894732017,
      "train_grad_norm_total": 0.05914034264147744,
      "train_loss": 0.03874413734085338,
      "train_loss_mhcflurry": 0.03874413734085338,
      "train_lr": 2.617480174291111e-05,
      "val_accuracy": 0.7405209541320801,
      "val_auprc": 0.7882239818572998,