{
  "best_epoch": 10,
  "best_val_loss": 5.348865074269912,
  "config": {
    "assay_mode": "additive",
    "batch_size": 256,
    "cond_id": 3,
    "device": "cuda",
    "embed_dim": 128,
    "epochs": 10,
    "ff_dim": 128,
    "head_type": "log_mse",
    "label": "c03_log_mse_additive_max50k",
    "lr": 0.0001,
    "lr_schedule": "warmup_cosine",
    "max_nM": 50000,
    "max_records": 0,
    "min_lr_scale": 0.1,
    "n_bins": 128,
    "n_heads": 4,
    "n_layers": 2,
    "n_params": 304530,
    "probe_alleles": [
      "HLA-A*02:01",
      "HLA-A*24:02",
      "HLA-A*03:01",
      "HLA-A*11:01",
      "HLA-A*01:01",
      "HLA-B*07:02",
      "HLA-B*44:02"
    ],
    "probe_peptides": [
      "SLLQHLIGL",
      "FLRYLLFGI",
      "NFLIKFLLI",
      "IMLEGETKL"
    ],
    "qualifier_filter": "all",
    "seed": 42,
    "sigma_mult": 0.75,
    "test_rows": 4060,
    "train_rows": 32805,
    "val_rows": 4184,
    "warmup_fraction": 0.1,
    "weight_decay": 0.01
  },
  "epoch_summaries": [
    {
      "epoch": 1,
      "epoch_time_s": 4.76,
      "lr_end": 0.0001,
      "train_grad_norm_output": 35.10938224127126,
      "train_grad_norm_total": 40.04318319734677,
      "train_loss": 34.91857102859852,
      "train_loss_log_mse": 34.91857102859852,
      "train_lr": 5.0883720930232606e-05,
      "val_accuracy": 0.5199472308158875,
      "val_auprc": 0.5046667456626892,
      "val_auroc": 0.5379010438919067,
      "val_balanced_accuracy": 0.5,
      "val_f1": 0.0,
      "val_loss": 9.745243296903723,
      "val_n_censored": 1151,
      "val_n_exact": 3033,
      "val_n_samples": 3033,
      "val_n_supervised": 4184,
      "val_pearson": 0.08861693739891052,
      "val_precision": 0.0,
      "val_recall": 0.0,
      "val_rmse_log10": 1.5099436044692993,
      "val_spearman": 0.08002232015132904,
      "val_split": "val"
    },
    {
      "epoch": 2,
      "epoch_time_s": 3.638,
      "lr_end": 9.728616793536591e-05,
      "train_grad_norm_output": 7.295456333677898,
      "train_grad_norm_total": 8.404797894086025,
      "train_loss": 8.367077505865762,
      "train_loss_log_mse": 8.367077505865762,
      "train_lr": 9.908115348972895e-05,
      "val_accuracy": 0.6416089534759521,
      "val_auprc": 0.6725184917449951,
      "val_auroc": 0.7086074352264404,
      "val_balanced_accuracy": 0.6330407559871674,
      "val_f1": 0.5284164733234604,
      "val_loss": 7.171865771798527,
      "val_n_censored": 1151,
      "val_n_exact": 3033,
      "val_n_samples": 3033,
      "val_n_supervised": 4184,
      "val_pearson": 0.43439367413520813,
      "val_precision": 0.7173144817352295,
      "val_recall": 0.41826921701431274,
      "val_rmse_log10": 1.3600841760635376,
      "val_spearman": 0.43314477801322937,
      "val_split": "val"
    },
    {
      "epoch": 3,
      "epoch_time_s": 3.613,
      "lr_end": 8.947199994035407e-05,
      "train_grad_norm_output": 7.461134903190672,
      "train_grad_norm_total": 9.891863638116408,
      "train_loss": 6.836563605670781,
      "train_loss_log_mse": 6.836563605670781,
      "train_lr": 9.374327835246429e-05,
      "val_accuracy": 0.6897461414337158,
      "val_auprc": 0.7262566685676575,
      "val_auroc": 0.762636125087738,
      "val_balanced_accuracy": 0.682835578918457,
      "val_f1": 0.6119587518187857,
      "val_loss": 6.376852077596328,
      "val_n_censored": 1151,
      "val_n_exact": 3033,
      "val_n_samples": 3033,
      "val_n_supervised": 4184,
      "val_pearson": 0.5279691815376282,
      "val_precision": 0.7657378911972046,
      "val_recall": 0.5096153616905212,
      "val_rmse_log10": 1.291694164276123,
      "val_spearman": 0.5331346392631531,
      "val_split": "val"
    },
    {
      "epoch": 4,
      "epoch_time_s": 3.614,
      "lr_end": 7.75000000000001e-05,
      "train_grad_norm_output": 5.938187282214793,
      "train_grad_norm_total": 8.864169209502464,
      "train_loss": 6.258065574852995,
      "train_loss_log_mse": 6.258065574852995,
      "train_lr": 8.373239205600127e-05,
      "val_accuracy": 0.7105176448822021,
      "val_auprc": 0.746677577495575,
      "val_auroc": 0.7790703773498535,
      "val_balanced_accuracy": 0.7064200341701508,
      "val_f1": 0.6669195797923535,
      "val_loss": 5.9094985232633706,
      "val_n_censored": 1151,
      "val_n_exact": 3033,
      "val_n_samples": 3033,
      "val_n_supervised": 4184,
      "val_pearson": 0.5598725080490112,
      "val_precision": 0.744915246963501,
      "val_recall": 0.603708803653717,
      "val_rmse_log10": 1.2277616262435913,
      "val_spearman": 0.5649407505989075,
      "val_split": "val"
    },
    {
      "epoch": 5,
      "epoch_time_s": 3.627,
      "lr_end": 6.281416799501221e-05,
      "train_grad_norm_output": 6.388155934422515,
      "train_grad_norm_total": 9.753708310829577,
      "train_loss": 5.990672484848851,
      "train_loss_log_mse": 5.990672484848851,
      "train_lr": 7.02559552326399e-05,
      "val_accuracy": 0.7141444087028503,
      "val_auprc": 0.7595763206481934,
      "val_auroc": 0.7888696193695068,
      "val_balanced_accuracy": 0.7083530724048615,
      "val_f1": 0.6541683286161946,
      "val_loss": 5.768118563820334,
      "val_n_censored": 1151,
      "val_n_exact": 3033,
      "val_n_samples": 3033,
      "val_n_supervised": 4184,
      "val_pearson": 0.5814613699913025,
      "val_precision": 0.7802093029022217,
      "val_recall": 0.5631868243217468,
      "val_rmse_log10": 1.2352051734924316,
      "val_spearman": 0.585395336151123,
      "val_split": "val"
    },
    {
      "epoch": 6,
      "epoch_time_s": 3.901,
      "lr_end": 4.718583200498839e-05,
      "train_grad_norm_output": 5.084736678027367,
      "train_grad_norm_total": 8.60117628777674,
      "train_loss": 5.783219097196594,
      "train_loss_log_mse": 5.783219097196594,
      "train_lr": 5.493942505430254e-05,
      "val_accuracy": 0.7230464816093445,
      "val_auprc": 0.7642638087272644,
      "val_auroc": 0.7941524982452393,
      "val_balanced_accuracy": 0.72044438123703,
      "val_f1": 0.6943231493387381,
      "val_loss": 5.540033403564902,
      "val_n_censored": 1151,
      "val_n_exact": 3033,
      "val_n_samples": 3033,
      "val_n_supervised": 4184,
      "val_pearson": 0.5911262035369873,
      "val_precision": 0.7383900880813599,
      "val_recall": 0.6552197933197021,
      "val_rmse_log10": 1.1896172761917114,
      "val_spearman": 0.5958016514778137,
      "val_split": "val"
    },
    {
      "epoch": 7,
      "epoch_time_s": 3.73,
      "lr_end": 3.250000000000028e-05,
      "train_grad_norm_output": 4.887015914732172,
      "train_grad_norm_total": 8.570543174595796,
      "train_loss": 5.679196590601012,
      "train_loss_log_mse": 5.679196590601012,
      "train_lr": 3.9630201108407134e-05,
      "val_accuracy": 0.7256841659545898,
      "val_auprc": 0.7698454260826111,
      "val_auroc": 0.7980028390884399,
      "val_balanced_accuracy": 0.7220849692821503,
      "val_f1": 0.688622739427963,
      "val_loss": 5.45963436014512,
      "val_n_censored": 1151,
      "val_n_exact": 3033,
      "val_n_samples": 3033,
      "val_n_supervised": 4184,
      "val_pearson": 0.5992765426635742,
      "val_precision": 0.7565789222717285,
      "val_recall": 0.6318681240081787,
      "val_rmse_log10": 1.1908077001571655,
      "val_spearman": 0.6036578416824341,
      "val_split": "val"
    },
    {
      "epoch": 8,
      "epoch_time_s": 3.679,
      "lr_end": 2.0528000059646228e-05,
      "train_grad_norm_output": 4.444474008656288,
      "train_grad_norm_total": 8.26513280794602,
      "train_loss": 5.584131189094958,
      "train_loss_log_mse": 5.584131189094958,
      "train_lr": 2.617480174291111e-05,
      "val_accuracy": 0.727992057800293,
      "val_auprc": 0.7735650539398193,
      "val_auroc": 0.8016560077667236,
      "val_balanced_accuracy": 0.7253056466579437,
      "val_f1": 0.6990149607483398,
      "val_loss": 5.395546022583456,
      "val_n_censored": 1151,