{
  "winner_speed": "hardware-gen-r1-a03_log10_100k_warmup_cosine_lr1e-4-h100-bang-20260312a",
  "winner_a03_probe": {
    "app_id": "ap-IokMKW9D8KE6QN0Rcs6Lpy",
    "run_id": "hardware-gen-r1-a03_log10_100k_warmup_cosine_lr1e-4-a100-20260312a",
    "requested_gpu": "A100",
    "design_id": "A03_log10_100k_warmup_cosine_lr1e-4",
    "lr": "1e-4",
    "lr_schedule": "warmup_cosine",
    "batch_size": 128,
    "epochs": 20,
    "setup_wall_s": 53.170749131,
    "prepare_real_binding_state_s": null,
    "dataset_build_s": null,
    "probe_setup_s": null,
    "mean_epoch_wall_s": 105.01627067040003,
    "final_epoch_wall_s": 104.08230398100022,
    "mean_train_data_wait_s": 4.83840038529885,
    "mean_train_forward_loss_s": 43.70904615379916,
    "mean_train_backward_s": 15.621469746500463,
    "mean_train_optimizer_s": 1.9659007236500006,
    "mean_gpu_util_pct": 51.05300401510739,
    "mean_gpu_mem_util_pct": 25.071929392939293,
    "peak_allocated_gib": 16.395004749298096,
    "peak_reserved_gib": 36.734375,
    "best_epoch": 16,
    "best_val_loss": 0.7830867418876061,
    "term_val_loss": 0.8020892498584894,
    "term_train_loss": 0.24734687155880833,
    "sll_a0201_nM": 51.95983037239672,
    "sll_a2402_nM": 64333.454252444455,
    "sll_ratio": 1238.1382654902031,
    "flr_a0201_nM": 28.576617281967998,
    "flr_a2402_nM": 300.1395960419209,
    "flr_ratio": 10.50297846943944,
    "nfl_a0201_nM": 20370.309663722288,
    "nfl_a2402_nM": 10.000878405083327,
    "nfl_ratio": 2036.8520482529118
  },
  "winner_a07_val": {
    "app_id": "ap-q0jFkon59YcLMKM9cQUNHB",
    "run_id": "hardware-gen-r1-a07_mhcflurry_100k_warmup_cosine_lr2p8e-4-h200-20260312a",
    "requested_gpu": "H200",
    "design_id": "A07_mhcflurry_100k_warmup_cosine_lr2p8e-4",
    "lr": "2.8e-4",
    "lr_schedule": "warmup_cosine",
    "batch_size": 128,
    "epochs": 20,
    "setup_wall_s": 43.193825077,
    "prepare_real_binding_state_s": null,
    "dataset_build_s": null,
    "probe_setup_s": null,
    "mean_epoch_wall_s": 71.48329834079999,
    "final_epoch_wall_s": 71.20960129700006,
    "mean_train_data_wait_s": 3.742766138550096,
    "mean_train_forward_loss_s": 30.702119924149848,
    "mean_train_backward_s": 12.477511522649818,
    "mean_train_optimizer_s": 1.5552716274000413,
    "mean_gpu_util_pct": 44.10231914248586,
    "mean_gpu_mem_util_pct": 11.709902555131924,
    "peak_allocated_gib": 16.44339609146118,
    "peak_reserved_gib": 36.75,
    "best_epoch": 15,
    "best_val_loss": 0.02532096914947033,
    "term_val_loss": 0.026026041180683444,
    "term_train_loss": 0.009875098866868322,
    "sll_a0201_nM": 151.49988126905365,
    "sll_a2402_nM": 31054.739843238644,
    "sll_ratio": 204.98194178837346,
    "flr_a0201_nM": 84.71045818830649,
    "flr_a2402_nM": 2668.6388047903456,
    "flr_ratio": 31.503061863484607,
    "nfl_a0201_nM": 3509.572597745705,
    "nfl_a2402_nM": 18.187150947819227,
    "nfl_ratio": 192.96989439495078
  }
}