{
  "best_epoch": 10,
  "best_val_loss": 5.640616543152753,
  "config": {
    "assay_mode": "additive",
    "batch_size": 256,
    "cond_id": 4,
    "device": "cuda",
    "embed_dim": 128,
    "epochs": 10,
    "ff_dim": 128,
    "head_type": "log_mse",
    "label": "c04_log_mse_additive_max200k",
    "lr": 0.0001,
    "lr_schedule": "warmup_cosine",
    "max_nM": 200000,
    "max_records": 0,
    "min_lr_scale": 0.1,
    "n_bins": 128,
    "n_heads": 4,
    "n_layers": 2,
    "n_params": 304530,
    "probe_alleles": [
      "HLA-A*02:01",
      "HLA-A*24:02",
      "HLA-A*03:01",
      "HLA-A*11:01",
      "HLA-A*01:01",
      "HLA-B*07:02",
      "HLA-B*44:02"
    ],
    "probe_peptides": [
      "SLLQHLIGL",
      "FLRYLLFGI",
      "NFLIKFLLI",
      "IMLEGETKL"
    ],
    "qualifier_filter": "all",
    "seed": 42,
    "sigma_mult": 0.75,
    "test_rows": 4060,
    "train_rows": 32805,
    "val_rows": 4184,
    "warmup_fraction": 0.1,
    "weight_decay": 0.01
  },
  "epoch_summaries": [
    {
      "epoch": 1,
      "epoch_time_s": 4.877,
      "lr_end": 0.0001,
      "train_grad_norm_output": 35.439871207688206,
      "train_grad_norm_total": 40.421491112819936,
      "train_loss": 35.847338779952175,
      "train_loss_log_mse": 35.847338779952175,
      "train_lr": 5.0883720930232606e-05,
      "val_accuracy": 0.5199472308158875,
      "val_auprc": 0.5067737102508545,
      "val_auroc": 0.5407776236534119,
      "val_balanced_accuracy": 0.5,
      "val_f1": 0.0,
      "val_loss": 10.225475844214944,
      "val_n_censored": 1151,
      "val_n_exact": 3033,
      "val_n_samples": 3033,
      "val_n_supervised": 4184,
      "val_pearson": 0.09536582231521606,
      "val_precision": 0.0,
      "val_recall": 0.0,
      "val_rmse_log10": 1.5121270418167114,
      "val_spearman": 0.08612819015979767,
      "val_split": "val"
    },
    {
      "epoch": 2,
      "epoch_time_s": 3.76,
      "lr_end": 9.728616793536591e-05,
      "train_grad_norm_output": 7.907860381658687,
      "train_grad_norm_total": 9.065586229627447,
      "train_loss": 8.792860419251198,
      "train_loss_log_mse": 8.792860419251198,
      "train_lr": 9.908115348972895e-05,
      "val_accuracy": 0.6363336443901062,
      "val_auprc": 0.6712549924850464,
      "val_auroc": 0.7084100842475891,
      "val_balanced_accuracy": 0.6272564381361008,
      "val_f1": 0.5134539097231561,
      "val_loss": 7.588134990018957,
      "val_n_censored": 1151,
      "val_n_exact": 3033,
      "val_n_samples": 3033,
      "val_n_supervised": 4184,
      "val_pearson": 0.4343377947807312,
      "val_precision": 0.717632532119751,
      "val_recall": 0.3997252881526947,
      "val_rmse_log10": 1.3679977655410767,
      "val_spearman": 0.4335249960422516,
      "val_split": "val"
    },
    {
      "epoch": 3,
      "epoch_time_s": 3.751,
      "lr_end": 8.947199994035407e-05,
      "train_grad_norm_output": 7.621428902759108,
      "train_grad_norm_total": 10.177263956661372,
      "train_loss": 7.175282725992129,
      "train_loss_log_mse": 7.175282725992129,
      "train_lr": 9.374327835246429e-05,
      "val_accuracy": 0.6913946866989136,
      "val_auprc": 0.7267705798149109,
      "val_auroc": 0.7642057538032532,
      "val_balanced_accuracy": 0.6845789551734924,
      "val_f1": 0.6151315613838114,
      "val_loss": 6.714605247273164,
      "val_n_censored": 1151,
      "val_n_exact": 3033,
      "val_n_samples": 3033,
      "val_n_supervised": 4184,
      "val_pearson": 0.5315529704093933,
      "val_precision": 0.7663934230804443,
      "val_recall": 0.5137362480163574,
      "val_rmse_log10": 1.2929697036743164,
      "val_spearman": 0.5363243818283081,
      "val_split": "val"
    },
    {
      "epoch": 4,
      "epoch_time_s": 4.179,
      "lr_end": 7.75000000000001e-05,
      "train_grad_norm_output": 6.048871936262116,
      "train_grad_norm_total": 9.117397278778313,
      "train_loss": 6.554816774619642,
      "train_loss_log_mse": 6.554816774619642,
      "train_lr": 8.373239205600127e-05,
      "val_accuracy": 0.7121661901473999,
      "val_auprc": 0.7464891076087952,
      "val_auroc": 0.7807803153991699,
      "val_balanced_accuracy": 0.7080579996109009,
      "val_f1": 0.6686906779816589,
      "val_loss": 6.231663914287791,
      "val_n_censored": 1151,
      "val_n_exact": 3033,
      "val_n_samples": 3033,
      "val_n_supervised": 4184,
      "val_pearson": 0.5635714530944824,
      "val_precision": 0.7472434043884277,
      "val_recall": 0.6050823926925659,
      "val_rmse_log10": 1.2283681631088257,
      "val_spearman": 0.568192720413208,
      "val_split": "val"
    },
    {
      "epoch": 5,
      "epoch_time_s": 3.836,
      "lr_end": 6.281416799501221e-05,
      "train_grad_norm_output": 6.500014571718467,
      "train_grad_norm_total": 10.012868596601855,
      "train_loss": 6.267894589623739,
      "train_loss_log_mse": 6.267894589623739,
      "train_lr": 7.02559552326399e-05,
      "val_accuracy": 0.7124958634376526,
      "val_auprc": 0.7600215077400208,
      "val_auroc": 0.7905673384666443,
      "val_balanced_accuracy": 0.7065306305885315,
      "val_f1": 0.6503608420879918,
      "val_loss": 6.087809261153726,
      "val_n_censored": 1151,
      "val_n_exact": 3033,
      "val_n_samples": 3033,
      "val_n_supervised": 4184,
      "val_pearson": 0.583931565284729,
      "val_precision": 0.7813102006912231,
      "val_recall": 0.5570054650306702,
      "val_rmse_log10": 1.2417017221450806,
      "val_spearman": 0.5885035991668701,
      "val_split": "val"
    },
    {
      "epoch": 6,
      "epoch_time_s": 4.358,
      "lr_end": 4.718583200498839e-05,
      "train_grad_norm_output": 5.359776670156523,
      "train_grad_norm_total": 8.963171933048455,
      "train_loss": 6.050845168357672,
      "train_loss_log_mse": 6.050845168357672,
      "train_lr": 5.493942505430254e-05,
      "val_accuracy": 0.721068263053894,
      "val_auprc": 0.7651842832565308,
      "val_auroc": 0.7956576347351074,
      "val_balanced_accuracy": 0.7180677652359009,
      "val_f1": 0.6887417057669846,
      "val_loss": 5.837428815224591,
      "val_n_censored": 1151,
      "val_n_exact": 3033,
      "val_n_samples": 3033,
      "val_n_supervised": 4184,
      "val_pearson": 0.5937782526016235,
      "val_precision": 0.741679847240448,
      "val_recall": 0.6428571343421936,
      "val_rmse_log10": 1.1914310455322266,
      "val_spearman": 0.5988599061965942,
      "val_split": "val"
    },
    {
      "epoch": 7,
      "epoch_time_s": 4.079,
      "lr_end": 3.250000000000028e-05,
      "train_grad_norm_output": 5.086287242035533,
      "train_grad_norm_total": 8.844030546587566,
      "train_loss": 5.937954854595569,
      "train_loss_log_mse": 5.937954854595569,
      "train_lr": 3.9630201108407134e-05,
      "val_accuracy": 0.7220573425292969,
      "val_auprc": 0.7703543305397034,
      "val_auroc": 0.7994257211685181,
      "val_balanced_accuracy": 0.7181757688522339,
      "val_f1": 0.6820067803952201,
      "val_loss": 5.755206851398244,
      "val_n_censored": 1151,
      "val_n_exact": 3033,
      "val_n_samples": 3033,
      "val_n_supervised": 4184,
      "val_pearson": 0.6014961004257202,
      "val_precision": 0.7564853429794312,
      "val_recall": 0.6208791136741638,
      "val_rmse_log10": 1.193361759185791,
      "val_spearman": 0.6067413091659546,
      "val_split": "val"
    },
    {
      "epoch": 8,
      "epoch_time_s": 4.152,
      "lr_end": 2.0528000059646228e-05,
      "train_grad_norm_output": 4.712878869485485,
      "train_grad_norm_total": 8.576227369234543,
      "train_loss": 5.843624639880749,
      "train_loss_log_mse": 5.843624639880749,
      "train_lr": 2.617480174291111e-05,
      "val_accuracy": 0.7312891483306885,
      "val_auprc": 0.7744194269180298,
      "val_auroc": 0.8030610680580139,
      "val_balanced_accuracy": 0.7283444702625275,
      "val_f1": 0.7004777630271831,
      "val_loss": 5.684417871867909,
      "val_n_censored": 1151,