{
  "config": {
    "assay_mode": "affine",
    "batch_size": 256,
    "cond_id": 10,
    "device": "cuda",
    "embed_dim": 128,
    "epochs": 20,
    "head_type": "quantile",
    "label": "c10_quantile_affine_max250k",
    "lr": 0.001,
    "max_nM": 250000,
    "n_bins": 128,
    "n_heads": 4,
    "n_layers": 2,
    "n_params": 305335,
    "probe_alleles": [
      "HLA-A*02:01",
      "HLA-A*24:02",
      "HLA-A*03:01",
      "HLA-A*11:01",
      "HLA-A*01:01",
      "HLA-B*07:02",
      "HLA-B*44:02"
    ],
    "seed": 42,
    "sigma_mult": 0.75,
    "test_rows": 4060,
    "train_rows": 32805,
    "val_rows": 4184
  },
  "epoch_summaries": [
    {
      "epoch": 1,
      "epoch_time_s": 5.15,
      "train_crossing_penalty": 0.0,
      "train_grad_norm_output": 0.981156337746354,
      "train_loss": 1.0127263480378677,
      "train_loss_q10": 0.728287000064702,
      "train_loss_q25": 1.069654264653376,
      "train_loss_q50": 1.2686274606128072,
      "train_loss_q75": 1.3051160227420717,
      "train_loss_q90": 0.6919468583524689,
      "val_accuracy": 0.7306405305862427,
      "val_auprc": 0.6363186240196228,
      "val_auroc": 0.7812744975090027,
      "val_balanced_accuracy": 0.6958808600902557,
      "val_f1": 0.6007793065413491,
      "val_loss": 0.8490638522540822,
      "val_n_samples": 4184,
      "val_pearson": 0.5296314358711243,
      "val_precision": 0.6221569776535034,
      "val_recall": 0.5808219313621521,
      "val_rmse_log10": 1.2377214431762695,
      "val_spearman": 0.5389029383659363
    },
    {
      "epoch": 2,
      "epoch_time_s": 4.12,
      "train_crossing_penalty": 0.0,
      "train_grad_norm_output": 0.6479536676707194,
      "train_loss": 0.7944364404493525,
      "train_loss_q10": 0.728485952052035,
      "train_loss_q25": 0.8574212318242982,
      "train_loss_q50": 0.9842478207839552,
      "train_loss_q75": 0.9519099519234295,
      "train_loss_q90": 0.45011718328609024,
      "val_accuracy": 0.7729445695877075,
      "val_auprc": 0.7302088737487793,
      "val_auroc": 0.8383878469467163,
      "val_balanced_accuracy": 0.7062810659408569,
      "val_f1": 0.5988175715632746,
      "val_loss": 0.7219669871470508,
      "val_n_samples": 4184,
      "val_pearson": 0.6358227133750916,
      "val_precision": 0.7808369994163513,
      "val_recall": 0.48561644554138184,
      "val_rmse_log10": 1.2694255113601685,
      "val_spearman": 0.6375751495361328
    },
    {
      "epoch": 3,
      "epoch_time_s": 3.85,
      "train_crossing_penalty": 0.0,
      "train_grad_norm_output": 0.6256040558796521,
      "train_loss": 0.7041396678880204,
      "train_loss_q10": 0.7281736343405968,
      "train_loss_q25": 0.796753492466239,
      "train_loss_q50": 0.9052664757699005,
      "train_loss_q75": 0.6614180655442468,
      "train_loss_q90": 0.4290865897670273,
      "val_accuracy": 0.7942160367965698,
      "val_auprc": 0.7458351254463196,
      "val_auroc": 0.8495526909828186,
      "val_balanced_accuracy": 0.7577369213104248,
      "val_f1": 0.6835722213080009,
      "val_loss": 0.6800098015981562,
      "val_n_samples": 4184,
      "val_pearson": 0.6471538543701172,
      "val_precision": 0.7375099062919617,
      "val_recall": 0.6369863152503967,
      "val_rmse_log10": 1.1130502223968506,
      "val_spearman": 0.6462758779525757
    },
    {
      "epoch": 4,
      "epoch_time_s": 3.81,
      "train_crossing_penalty": 0.0,
      "train_grad_norm_output": 0.5593390033919682,
      "train_loss": 0.6658065619394761,
      "train_loss_q10": 0.7287912581318109,
      "train_loss_q25": 0.768881502077561,
      "train_loss_q50": 0.8741049031878627,
      "train_loss_q75": 0.6342403181763583,
      "train_loss_q90": 0.32301479092864105,
      "val_accuracy": 0.7925429940223694,
      "val_auprc": 0.7637640833854675,
      "val_auroc": 0.8596479296684265,
      "val_balanced_accuracy": 0.7640798091888428,
      "val_f1": 0.6926345327611401,
      "val_loss": 0.6553199501598582,
      "val_n_samples": 4184,
      "val_pearson": 0.6773117184638977,
      "val_precision": 0.7170087695121765,
      "val_recall": 0.6698629856109619,
      "val_rmse_log10": 1.0998296737670898,
      "val_spearman": 0.6723124384880066
    },
    {
      "epoch": 5,
      "epoch_time_s": 3.85,
      "train_crossing_penalty": 0.0,
      "train_grad_norm_output": 0.5419146897949914,
      "train_loss": 0.6501461858897246,
      "train_loss_q10": 0.7280245122983474,
      "train_loss_q25": 0.7485952234083368,
      "train_loss_q50": 0.846281135729117,
      "train_loss_q75": 0.614049961862638,
      "train_loss_q90": 0.313780044169389,
      "val_accuracy": 0.7968451380729675,
      "val_auprc": 0.7738996744155884,
      "val_auroc": 0.8643367290496826,
      "val_balanced_accuracy": 0.7738991677761078,
      "val_f1": 0.7056786571481234,
      "val_loss": 0.6688798280323253,
      "val_n_samples": 4184,
      "val_pearson": 0.6765081286430359,
      "val_precision": 0.7135854363441467,
      "val_recall": 0.6979451775550842,
      "val_rmse_log10": 1.141019344329834,
      "val_spearman": 0.6680207848548889
    },
    {
      "epoch": 6,
      "epoch_time_s": 3.79,
      "train_crossing_penalty": 0.0,
      "train_grad_norm_output": 0.5609424851199453,
      "train_loss": 0.6357902963032094,
      "train_loss_q10": 0.7240752106489137,
      "train_loss_q25": 0.7256309085114058,
      "train_loss_q50": 0.8238107617511305,
      "train_loss_q75": 0.5972076233967331,
      "train_loss_q90": 0.3082269134447556,
      "val_accuracy": 0.7961280941963196,
      "val_auprc": 0.7833304405212402,
      "val_auroc": 0.867918848991394,
      "val_balanced_accuracy": 0.7441087067127228,
      "val_f1": 0.6619104349399892,
      "val_loss": 0.6375958586440367,
      "val_n_samples": 4184,
      "val_pearson": 0.6936406493186951,
      "val_precision": 0.7855126857757568,
      "val_recall": 0.5719178318977356,
      "val_rmse_log10": 1.1153532266616821,
      "val_spearman": 0.6779022812843323
    },
    {
      "epoch": 7,
      "epoch_time_s": 3.82,
      "train_crossing_penalty": 0.0,
      "train_grad_norm_output": 0.5065926949876224,
      "train_loss": 0.5765177270238714,
      "train_loss_q10": 0.5061487885870675,
      "train_loss_q25": 0.6978094175804493,
      "train_loss_q50": 0.7927152583765429,
      "train_loss_q75": 0.5821476012699364,
      "train_loss_q90": 0.30376751559187276,
      "val_accuracy": 0.8126195073127747,
      "val_auprc": 0.7980788946151733,
      "val_auroc": 0.8794865012168884,
      "val_balanced_accuracy": 0.7810874581336975,
      "val_f1": 0.7159420277698779,
      "val_loss": 0.5680373468819786,
      "val_n_samples": 4184,
      "val_pearson": 0.7171674370765686,
      "val_precision": 0.7599999904632568,
      "val_recall": 0.6767123341560364,
      "val_rmse_log10": 1.0942485332489014,
      "val_spearman": 0.7076752781867981
    },
    {
      "epoch": 8,
      "epoch_time_s": 4.31,
      "train_crossing_penalty": 0.0,
      "train_grad_norm_output": 0.4721667286037475,
      "train_loss": 0.5367160042126974,
      "train_loss_q10": 0.39208891502646515,
      "train_loss_q25": 0.6492803216904632,
      "train_loss_q50": 0.7650263355683911,
      "train_loss_q75": 0.5741390793822533,
      "train_loss_q90": 0.3030453186857608,
      "val_accuracy": 0.8226577639579773,
      "val_auprc": 0.7956894040107727,
      "val_auroc": 0.8915511965751648,
      "val_balanced_accuracy": 0.8019863963127136,
      "val_f1": 0.7427184345714214,
      "val_loss": 0.548134537304149,
      "val_n_samples": 4184,
      "val_pearson": 0.71845942735672,
      "val_precision": 0.7521067261695862,
      "val_recall": 0.733561635017395,
      "val_rmse_log10": 1.0474371910095215,
      "val_spearman": 0.7083299160003662
    },
    {
      "epoch": 9,
      "epoch_time_s": 3.99,
      "train_crossing_penalty": 0.0,
      "train_grad_norm_output": 0.5249492115983667,
      "train_loss": 0.5041787079138349,
      "train_loss_q10": 0.35775038958057875,