{
  "config": {
    "assay_mode": "additive",
    "batch_size": 256,
    "cond_id": 1,
    "device": "cuda",
    "embed_dim": 128,
    "epochs": 20,
    "head_type": "mhcflurry",
    "label": "c01_mhcflurry_additive_max25k",
    "lr": 0.001,
    "max_nM": 25000,
    "n_bins": 128,
    "n_heads": 4,
    "n_layers": 2,
    "n_params": 304530,
    "probe_alleles": [
      "HLA-A*02:01",
      "HLA-A*24:02",
      "HLA-A*03:01",
      "HLA-A*11:01",
      "HLA-A*01:01",
      "HLA-B*07:02",
      "HLA-B*44:02"
    ],
    "seed": 42,
    "sigma_mult": 0.75,
    "test_rows": 4060,
    "train_rows": 32805,
    "val_rows": 4184
  },
  "epoch_summaries": [
    {
      "epoch": 1,
      "epoch_time_s": 5.62,
      "train_grad_norm_output": 0.03796854029705589,
      "train_loss": 0.0648683591695257,
      "train_loss_mhcflurry": 0.0648683591695257,
      "val_accuracy": 0.7856118679046631,
      "val_auprc": 0.746891975402832,
      "val_auroc": 0.8524807691574097,
      "val_balanced_accuracy": 0.7606636881828308,
      "val_f1": 0.6882168721353926,
      "val_loss": 0.052108614760286665,
      "val_n_samples": 4184,
      "val_pearson": 0.6729008555412292,
      "val_precision": 0.6986591219902039,
      "val_recall": 0.6780821681022644,
      "val_rmse_log10": 1.088879108428955,
      "val_spearman": 0.6674357056617737
    },
    {
      "epoch": 2,
      "epoch_time_s": 4.24,
      "train_grad_norm_output": 0.03733003240569618,
      "train_loss": 0.047830291034639344,
      "train_loss_mhcflurry": 0.047830291034639344,
      "val_accuracy": 0.8205066919326782,
      "val_auprc": 0.814210832118988,
      "val_auroc": 0.8888474702835083,
      "val_balanced_accuracy": 0.790164053440094,
      "val_f1": 0.7283906134376564,
      "val_loss": 0.04182648067088688,
      "val_n_samples": 4184,
      "val_pearson": 0.7374750375747681,
      "val_precision": 0.7716475129127502,
      "val_recall": 0.6897260546684265,
      "val_rmse_log10": 0.9792125225067139,
      "val_spearman": 0.7115433812141418
    },
    {
      "epoch": 3,
      "epoch_time_s": 4.11,
      "train_grad_norm_output": 0.0543893724824338,
      "train_loss": 0.03824911213140617,
      "train_loss_mhcflurry": 0.03824911213140617,
      "val_accuracy": 0.8322179913520813,
      "val_auprc": 0.8293725848197937,
      "val_auroc": 0.9103066325187683,
      "val_balanced_accuracy": 0.7915304005146027,
      "val_f1": 0.7320610645329862,
      "val_loss": 0.04105688817799091,
      "val_n_samples": 4184,
      "val_pearson": 0.7543315291404724,
      "val_precision": 0.826724112033844,
      "val_recall": 0.6568493247032166,
      "val_rmse_log10": 0.959241509437561,
      "val_spearman": 0.7508040070533752
    },
    {
      "epoch": 4,
      "epoch_time_s": 4.24,
      "train_grad_norm_output": 0.057356618243710016,
      "train_loss": 0.033867249005409175,
      "train_loss_mhcflurry": 0.033867249005409175,
      "val_accuracy": 0.8573135733604431,
      "val_auprc": 0.8639841079711914,
      "val_auroc": 0.9262217283248901,
      "val_balanced_accuracy": 0.8390898704528809,
      "val_f1": 0.7920585008257046,
      "val_loss": 0.03142395138959674,
      "val_n_samples": 4184,
      "val_pearson": 0.8079361915588379,
      "val_precision": 0.8058114647865295,
      "val_recall": 0.7787671089172363,
      "val_rmse_log10": 0.8569411635398865,
      "val_spearman": 0.7820102572441101
    },
    {
      "epoch": 5,
      "epoch_time_s": 4.21,
      "train_grad_norm_output": 0.05092313439520293,
      "train_loss": 0.030157433288503985,
      "train_loss_mhcflurry": 0.030157433288503985,
      "val_accuracy": 0.8611376881599426,
      "val_auprc": 0.8690624237060547,
      "val_auroc": 0.928928554058075,
      "val_balanced_accuracy": 0.8428212702274323,
      "val_f1": 0.7972076582677494,
      "val_loss": 0.030228512799915147,
      "val_n_samples": 4184,
      "val_pearson": 0.816397488117218,
      "val_precision": 0.8128113746643066,
      "val_recall": 0.7821917533874512,
      "val_rmse_log10": 0.8394133448600769,
      "val_spearman": 0.7856930494308472
    },
    {
      "epoch": 6,
      "epoch_time_s": 4.89,
      "train_grad_norm_output": 0.051831768493550694,
      "train_loss": 0.028158435092646945,
      "train_loss_mhcflurry": 0.028158435092646945,
      "val_accuracy": 0.8601816296577454,
      "val_auprc": 0.8725039958953857,
      "val_auroc": 0.9316098690032959,
      "val_balanced_accuracy": 0.8431994616985321,
      "val_f1": 0.7970863591138955,
      "val_loss": 0.029259937651017132,
      "val_n_samples": 4184,
      "val_pearson": 0.8226633071899414,
      "val_precision": 0.8074490427970886,
      "val_recall": 0.7869862914085388,
      "val_rmse_log10": 0.8261648416519165,
      "val_spearman": 0.7915100455284119
    },
    {
      "epoch": 7,
      "epoch_time_s": 4.25,
      "train_grad_norm_output": 0.05159802522596925,
      "train_loss": 0.026621399389565453,
      "train_loss_mhcflurry": 0.026621399389565453,
      "val_accuracy": 0.8561185598373413,
      "val_auprc": 0.8693141937255859,
      "val_auroc": 0.9273647665977478,
      "val_balanced_accuracy": 0.8502494394779205,
      "val_f1": 0.8011889118259807,
      "val_loss": 0.030729401582742438,
      "val_n_samples": 4184,
      "val_pearson": 0.8215413689613342,
      "val_precision": 0.7735969424247742,
      "val_recall": 0.8308219313621521,
      "val_rmse_log10": 0.8391864895820618,
      "val_spearman": 0.793918788433075
    },
    {
      "epoch": 8,
      "epoch_time_s": 4.34,
      "train_grad_norm_output": 0.042664441662703376,
      "train_loss": 0.02512433128648026,
      "train_loss_mhcflurry": 0.02512433128648026,
      "val_accuracy": 0.8616156578063965,
      "val_auprc": 0.8707916140556335,
      "val_auroc": 0.9299534559249878,
      "val_balanced_accuracy": 0.8484325110912323,
      "val_f1": 0.8023216371214317,
      "val_loss": 0.030121129444416833,
      "val_n_samples": 4184,
      "val_pearson": 0.8198947310447693,
      "val_precision": 0.799863874912262,
      "val_recall": 0.8047945499420166,
      "val_rmse_log10": 0.8340263962745667,
      "val_spearman": 0.7903242707252502
    },
    {
      "epoch": 9,
      "epoch_time_s": 4.39,
      "train_grad_norm_output": 0.045981609710138434,
      "train_loss": 0.024339280213958533,
      "train_loss_mhcflurry": 0.024339280213958533,
      "val_accuracy": 0.8623327016830444,
      "val_auprc": 0.8806009292602539,
      "val_auroc": 0.9334937930107117,
      "val_balanced_accuracy": 0.8526381254196167,
      "val_f1": 0.8061911227612835,
      "val_loss": 0.029434411622145596,
      "val_n_samples": 4184,
      "val_pearson": 0.8244708776473999,
      "val_precision": 0.7923280596733093,
      "val_recall": 0.8205479383468628,
      "val_rmse_log10": 0.827916145324707,
      "val_spearman": 0.7942650318145752
    },
    {
      "epoch": 10,
      "epoch_time_s": 4.29,
      "train_grad_norm_output": 0.0495106425829405,
      "train_loss": 0.023926839145810105,
      "train_loss_mhcflurry": 0.023926839145810105,
      "val_accuracy": 0.8678297996520996,
      "val_auprc": 0.8822030425071716,
      "val_auroc": 0.9360314607620239,
      "val_balanced_accuracy": 0.8560653328895569,
      "val_f1": 0.8118407564905157,
      "val_loss": 0.02799902138683726,
      "val_n_samples": 4184,
      "val_pearson": 0.8322089314460754,
      "val_precision": 0.8066260814666748,
      "val_recall": 0.817123293876648,
      "val_rmse_log10": 0.8064255714416504,
      "val_spearman": 0.8025773167610168
    },
    {
      "epoch": 11,
      "epoch_time_s": 4.31,
      "train_grad_norm_output": 0.04301161001356997,
      "train_loss": 0.022842991432940312,
      "train_loss_mhcflurry": 0.022842991432940312,
      "val_accuracy": 0.8635277152061462,
      "val_auprc": 0.8778171539306641,
      "val_auroc": 0.9323204159736633,
      "val_balanced_accuracy": 0.8565752506256104,
      "val_f1": 0.8099833665872501,
      "val_loss": 0.028672963709515685,