{
  "config": {
    "assay_mode": "additive",
    "batch_size": 256,
    "cond_id": 3,
    "device": "cuda",
    "embed_dim": 128,
    "epochs": 20,
    "head_type": "mhcflurry",
    "label": "c03_mhcflurry_additive_max75k",
    "lr": 0.001,
    "max_nM": 75000,
    "n_bins": 128,
    "n_heads": 4,
    "n_layers": 2,
    "n_params": 304530,
    "probe_alleles": [
      "HLA-A*02:01",
      "HLA-A*24:02",
      "HLA-A*03:01",
      "HLA-A*11:01",
      "HLA-A*01:01",
      "HLA-B*07:02",
      "HLA-B*44:02"
    ],
    "seed": 42,
    "sigma_mult": 0.75,
    "test_rows": 4060,
    "train_rows": 32805,
    "val_rows": 4184
  },
  "epoch_summaries": [
    {
      "epoch": 1,
      "epoch_time_s": 5.85,
      "train_grad_norm_output": 0.03501874844493099,
      "train_loss": 0.056189026683568954,
      "train_loss_mhcflurry": 0.056189026683568954,
      "val_accuracy": 0.7899139523506165,
      "val_auprc": 0.7636556625366211,
      "val_auroc": 0.8614934682846069,
      "val_balanced_accuracy": 0.7685761153697968,
      "val_f1": 0.6986630023195115,
      "val_loss": 0.04452701285481453,
      "val_n_samples": 4184,
      "val_pearson": 0.6940655708312988,
      "val_precision": 0.6993823051452637,
      "val_recall": 0.6979451775550842,
      "val_rmse_log10": 1.0587496757507324,
      "val_spearman": 0.6873896718025208
    },
    {
      "epoch": 2,
      "epoch_time_s": 4.42,
      "train_grad_norm_output": 0.041629231022309886,
      "train_loss": 0.040159572291281795,
      "train_loss_mhcflurry": 0.040159572291281795,
      "val_accuracy": 0.8295888900756836,
      "val_auprc": 0.8196000456809998,
      "val_auroc": 0.8987917900085449,
      "val_balanced_accuracy": 0.8112822473049164,
      "val_f1": 0.7545610943906548,
      "val_loss": 0.03477603054660208,
      "val_n_samples": 4184,
      "val_pearson": 0.760469913482666,
      "val_precision": 0.758477509021759,
      "val_recall": 0.750684916973114,
      "val_rmse_log10": 0.9450175762176514,
      "val_spearman": 0.7455974817276001
    },
    {
      "epoch": 3,
      "epoch_time_s": 4.26,
      "train_grad_norm_output": 0.048983287824274496,
      "train_loss": 0.03145576461918594,
      "train_loss_mhcflurry": 0.03145576461918594,
      "val_accuracy": 0.8520554304122925,
      "val_auprc": 0.8555875420570374,
      "val_auroc": 0.9243243336677551,
      "val_balanced_accuracy": 0.825993686914444,
      "val_f1": 0.7772579931729156,
      "val_loss": 0.029412215794710553,
      "val_n_samples": 4184,
      "val_pearson": 0.8050000071525574,
      "val_precision": 0.8188021183013916,
      "val_recall": 0.7397260069847107,
      "val_rmse_log10": 0.8754475116729736,
      "val_spearman": 0.7841286659240723
    },
    {
      "epoch": 4,
      "epoch_time_s": 4.41,
      "train_grad_norm_output": 0.04264596402067547,
      "train_loss": 0.0275216557865226,
      "train_loss_mhcflurry": 0.0275216557865226,
      "val_accuracy": 0.8556405305862427,
      "val_auprc": 0.8613690137863159,
      "val_auroc": 0.927011251449585,
      "val_balanced_accuracy": 0.8462273478507996,
      "val_f1": 0.7975871397341938,
      "val_loss": 0.027894052567289156,
      "val_n_samples": 4184,
      "val_pearson": 0.8123400807380676,
      "val_precision": 0.7808399200439453,
      "val_recall": 0.8150684833526611,
      "val_rmse_log10": 0.848976731300354,
      "val_spearman": 0.7904049158096313
    },
    {
      "epoch": 5,
      "epoch_time_s": 4.34,
      "train_grad_norm_output": 0.04451531541439914,
      "train_loss": 0.02549623591146728,
      "train_loss_mhcflurry": 0.02549623591146728,
      "val_accuracy": 0.8601816296577454,
      "val_auprc": 0.8643532991409302,
      "val_auroc": 0.9272202253341675,
      "val_balanced_accuracy": 0.8463777005672455,
      "val_f1": 0.7998631515609341,
      "val_loss": 0.02774283799397595,
      "val_n_samples": 4184,
      "val_pearson": 0.8121469020843506,
      "val_precision": 0.7990430593490601,
      "val_recall": 0.800684928894043,
      "val_rmse_log10": 0.8482693433761597,
      "val_spearman": 0.788877010345459
    },
    {
      "epoch": 6,
      "epoch_time_s": 4.67,
      "train_grad_norm_output": 0.044309385828385055,
      "train_loss": 0.024753948832436125,
      "train_loss_mhcflurry": 0.024753948832436125,
      "val_accuracy": 0.8644837737083435,
      "val_auprc": 0.8686550855636597,
      "val_auroc": 0.9329159259796143,
      "val_balanced_accuracy": 0.8514297008514404,
      "val_f1": 0.8062863130316569,
      "val_loss": 0.02665405419162091,
      "val_n_samples": 4184,
      "val_pearson": 0.8196346163749695,
      "val_precision": 0.8043626546859741,
      "val_recall": 0.8082191944122314,
      "val_rmse_log10": 0.8348274230957031,
      "val_spearman": 0.7940376400947571
    },
    {
      "epoch": 7,
      "epoch_time_s": 4.31,
      "train_grad_norm_output": 0.04258318795540998,
      "train_loss": 0.023659459553485692,
      "train_loss_mhcflurry": 0.023659459553485692,
      "val_accuracy": 0.8580306172370911,
      "val_auprc": 0.8735930919647217,
      "val_auroc": 0.9317846894264221,
      "val_balanced_accuracy": 0.8550550043582916,
      "val_f1": 0.8060091554748898,
      "val_loss": 0.02662200590266901,
      "val_n_samples": 4184,
      "val_pearson": 0.8269250988960266,
      "val_precision": 0.7702871561050415,
      "val_recall": 0.8452054858207703,
      "val_rmse_log10": 0.8288761377334595,
      "val_spearman": 0.8035866618156433
    },
    {
      "epoch": 8,
      "epoch_time_s": 4.24,
      "train_grad_norm_output": 0.04021681702240955,
      "train_loss": 0.022565267951220505,
      "train_loss_mhcflurry": 0.022565267951220505,
      "val_accuracy": 0.8692638874053955,
      "val_auprc": 0.875038206577301,
      "val_auroc": 0.9346438646316528,
      "val_balanced_accuracy": 0.8570077419281006,
      "val_f1": 0.8133742983880302,
      "val_loss": 0.02577832478153355,
      "val_n_samples": 4184,
      "val_pearson": 0.8259804248809814,
      "val_precision": 0.8103331327438354,
      "val_recall": 0.8164383769035339,
      "val_rmse_log10": 0.8201560378074646,
      "val_spearman": 0.8007808327674866
    },
    {
      "epoch": 9,
      "epoch_time_s": 4.28,
      "train_grad_norm_output": 0.04064882079558086,
      "train_loss": 0.022251225459252216,
      "train_loss_mhcflurry": 0.022251225459252216,
      "val_accuracy": 0.8697418570518494,
      "val_auprc": 0.8821916580200195,
      "val_auroc": 0.936809778213501,
      "val_balanced_accuracy": 0.8559446036815643,
      "val_f1": 0.8127791078045329,
      "val_loss": 0.0251383585307528,
      "val_n_samples": 4184,
      "val_pearson": 0.8302383422851562,
      "val_precision": 0.8152998089790344,
      "val_recall": 0.8102739453315735,
      "val_rmse_log10": 0.8088321685791016,
      "val_spearman": 0.8023123741149902
    },
    {
      "epoch": 10,
      "epoch_time_s": 4.23,
      "train_grad_norm_output": 0.04078139548818039,
      "train_loss": 0.021223794488424017,
      "train_loss_mhcflurry": 0.021223794488424017,
      "val_accuracy": 0.8671128153800964,
      "val_auprc": 0.8831145763397217,
      "val_auroc": 0.9371989369392395,
      "val_balanced_accuracy": 0.8558324575424194,
      "val_f1": 0.811269508229936,
      "val_loss": 0.025027410017655176,
      "val_n_samples": 4184,
      "val_pearson": 0.8326550722122192,
      "val_precision": 0.8041722774505615,
      "val_recall": 0.818493127822876,
      "val_rmse_log10": 0.8082523941993713,
      "val_spearman": 0.8078560829162598
    },
    {
      "epoch": 11,
      "epoch_time_s": 4.26,
      "train_grad_norm_output": 0.03743039776910414,
      "train_loss": 0.020452599329946114,
      "train_loss_mhcflurry": 0.020452599329946114,
      "val_accuracy": 0.8718929290771484,
      "val_auprc": 0.8826285004615784,
      "val_auroc": 0.9386254549026489,
      "val_balanced_accuracy": 0.866972416639328,
      "val_f1": 0.8225165591742468,
      "val_loss": 0.02491804349290974,