{
  "config": {
    "assay_mode": "additive",
    "batch_size": 256,
    "cond_id": 4,
    "device": "cuda",
    "embed_dim": 128,
    "epochs": 20,
    "head_type": "mhcflurry",
    "label": "c04_mhcflurry_additive_max100k",
    "lr": 0.001,
    "max_nM": 100000,
    "n_bins": 128,
    "n_heads": 4,
    "n_layers": 2,
    "n_params": 304530,
    "probe_alleles": [
      "HLA-A*02:01",
      "HLA-A*24:02",
      "HLA-A*03:01",
      "HLA-A*11:01",
      "HLA-A*01:01",
      "HLA-B*07:02",
      "HLA-B*44:02"
    ],
    "seed": 42,
    "sigma_mult": 0.75,
    "test_rows": 4060,
    "train_rows": 32805,
    "val_rows": 4184
  },
  "epoch_summaries": [
    {
      "epoch": 1,
      "epoch_time_s": 7.23,
      "train_grad_norm_output": 0.03269046674980674,
      "train_loss": 0.053330729318450586,
      "train_loss_mhcflurry": 0.053330729318450586,
      "val_accuracy": 0.7923040390014648,
      "val_auprc": 0.764506459236145,
      "val_auroc": 0.8645661473274231,
      "val_balanced_accuracy": 0.7653264701366425,
      "val_f1": 0.6943369873115287,
      "val_loss": 0.0416637673316633,
      "val_n_samples": 4184,
      "val_pearson": 0.6979315280914307,
      "val_precision": 0.7136659622192383,
      "val_recall": 0.6760274171829224,
      "val_rmse_log10": 1.047105312347412,
      "val_spearman": 0.6903132200241089
    },
    {
      "epoch": 2,
      "epoch_time_s": 5.24,
      "train_grad_norm_output": 0.0357131465200999,
      "train_loss": 0.038486435215256014,
      "train_loss_mhcflurry": 0.038486435215256014,
      "val_accuracy": 0.8348470330238342,
      "val_auprc": 0.8239632844924927,
      "val_auroc": 0.9035496115684509,
      "val_balanced_accuracy": 0.8205645382404327,
      "val_f1": 0.7656832702683729,
      "val_loss": 0.033031946048140526,
      "val_n_samples": 4184,
      "val_pearson": 0.7586603164672852,
      "val_precision": 0.7582269906997681,
      "val_recall": 0.7732876539230347,
      "val_rmse_log10": 0.9446942806243896,
      "val_spearman": 0.7451686263084412
    },
    {
      "epoch": 3,
      "epoch_time_s": 5.22,
      "train_grad_norm_output": 0.04466243629712005,
      "train_loss": 0.030702491875651272,
      "train_loss_mhcflurry": 0.030702491875651272,
      "val_accuracy": 0.846319317817688,
      "val_auprc": 0.8460821509361267,
      "val_auroc": 0.9202839136123657,
      "val_balanced_accuracy": 0.8166621327400208,
      "val_f1": 0.7654140786946161,
      "val_loss": 0.02966554254731711,
      "val_n_samples": 4184,
      "val_pearson": 0.7934858202934265,
      "val_precision": 0.8188914656639099,
      "val_recall": 0.7184931635856628,
      "val_rmse_log10": 0.8996257185935974,
      "val_spearman": 0.7759952545166016
    },
    {
      "epoch": 4,
      "epoch_time_s": 5.25,
      "train_grad_norm_output": 0.040604100237752114,
      "train_loss": 0.026894001044737277,
      "train_loss_mhcflurry": 0.026894001044737277,
      "val_accuracy": 0.8580306172370911,
      "val_auprc": 0.8560167551040649,
      "val_auroc": 0.9264832139015198,
      "val_balanced_accuracy": 0.844090074300766,
      "val_f1": 0.7968536306471288,
      "val_loss": 0.026705807239255485,
      "val_n_samples": 4184,
      "val_pearson": 0.8116078972816467,
      "val_precision": 0.7957650423049927,
      "val_recall": 0.7979452013969421,
      "val_rmse_log10": 0.8529321551322937,
      "val_spearman": 0.789184033870697
    },
    {
      "epoch": 5,
      "epoch_time_s": 5.27,
      "train_grad_norm_output": 0.042613570513420324,
      "train_loss": 0.025023093836945155,
      "train_loss_mhcflurry": 0.025023093836945155,
      "val_accuracy": 0.8546845316886902,
      "val_auprc": 0.8576791882514954,
      "val_auroc": 0.926017701625824,
      "val_balanced_accuracy": 0.8445396721363068,
      "val_f1": 0.7956989344419623,
      "val_loss": 0.026482464143020266,
      "val_n_samples": 4184,
      "val_pearson": 0.8130679130554199,
      "val_precision": 0.7810026407241821,
      "val_recall": 0.8109589219093323,
      "val_rmse_log10": 0.846266508102417,
      "val_spearman": 0.7931481599807739
    },
    {
      "epoch": 6,
      "epoch_time_s": 5.55,
      "train_grad_norm_output": 0.037592571791867875,
      "train_loss": 0.023682883673513584,
      "train_loss_mhcflurry": 0.023682883673513584,
      "val_accuracy": 0.8589866161346436,
      "val_auprc": 0.863009512424469,
      "val_auroc": 0.9289013743400574,
      "val_balanced_accuracy": 0.8465723395347595,
      "val_f1": 0.7994561451455441,
      "val_loss": 0.02591582667082548,
      "val_n_samples": 4184,
      "val_pearson": 0.8177907466888428,
      "val_precision": 0.7935222387313843,
      "val_recall": 0.8054794669151306,
      "val_rmse_log10": 0.8432552218437195,
      "val_spearman": 0.7910241484642029
    },
    {
      "epoch": 7,
      "epoch_time_s": 5.18,
      "train_grad_norm_output": 0.038779600920487746,
      "train_loss": 0.02263024351162504,
      "train_loss_mhcflurry": 0.02263024351162504,
      "val_accuracy": 0.8537284731864929,
      "val_auprc": 0.8640093803405762,
      "val_auroc": 0.9280766844749451,
      "val_balanced_accuracy": 0.8538168966770172,
      "val_f1": 0.802962007639791,
      "val_loss": 0.026775723980630144,
      "val_n_samples": 4184,
      "val_pearson": 0.8225104212760925,
      "val_precision": 0.7575941681861877,
      "val_recall": 0.8541095852851868,
      "val_rmse_log10": 0.8459532856941223,
      "val_spearman": 0.7983978986740112
    },
    {
      "epoch": 8,
      "epoch_time_s": 5.21,
      "train_grad_norm_output": 0.03716420720858398,
      "train_loss": 0.021790694264882757,
      "train_loss_mhcflurry": 0.021790694264882757,
      "val_accuracy": 0.8620936870574951,
      "val_auprc": 0.8658994436264038,
      "val_auroc": 0.9313828945159912,
      "val_balanced_accuracy": 0.8542026281356812,
      "val_f1": 0.8073455837636014,
      "val_loss": 0.024943436331608716,
      "val_n_samples": 4184,
      "val_pearson": 0.8245695233345032,
      "val_precision": 0.7876221537590027,
      "val_recall": 0.8280822038650513,
      "val_rmse_log10": 0.8244123458862305,
      "val_spearman": 0.7979212403297424
    },
    {
      "epoch": 9,
      "epoch_time_s": 5.36,
      "train_grad_norm_output": 0.03503424053390821,
      "train_loss": 0.02100324952007495,
      "train_loss_mhcflurry": 0.02100324952007495,
      "val_accuracy": 0.8656787872314453,
      "val_auprc": 0.8757239580154419,
      "val_auroc": 0.932386577129364,
      "val_balanced_accuracy": 0.8502816259860992,
      "val_f1": 0.8059392451104243,
      "val_loss": 0.024604211342247093,
      "val_n_samples": 4184,
      "val_pearson": 0.8259087800979614,
      "val_precision": 0.8126741051673889,
      "val_recall": 0.7993150949478149,
      "val_rmse_log10": 0.820533812046051,
      "val_spearman": 0.7960684299468994
    },
    {
      "epoch": 10,
      "epoch_time_s": 5.23,
      "train_grad_norm_output": 0.03638177097941092,
      "train_loss": 0.02042413312335347,
      "train_loss_mhcflurry": 0.02042413312335347,
      "val_accuracy": 0.8663957715034485,
      "val_auprc": 0.8746921420097351,
      "val_auroc": 0.9344559907913208,
      "val_balanced_accuracy": 0.8597313463687897,
      "val_f1": 0.813976690518903,
      "val_loss": 0.02441882183227469,
      "val_n_samples": 4184,
      "val_pearson": 0.8317359685897827,
      "val_precision": 0.7915857434272766,
      "val_recall": 0.8376712203025818,
      "val_rmse_log10": 0.8139345049858093,
      "val_spearman": 0.805602490901947
    },
    {
      "epoch": 11,
      "epoch_time_s": 5.35,
      "train_grad_norm_output": 0.035933973354309104,
      "train_loss": 0.019706569734758646,
      "train_loss_mhcflurry": 0.019706569734758646,
      "val_accuracy": 0.866156816482544,
      "val_auprc": 0.8756726384162903,
      "val_auroc": 0.9352248311042786,
      "val_balanced_accuracy": 0.8644740879535675,
      "val_f1": 0.8174706574558388,
      "val_loss": 0.024738437386558336,