{
  "config": {
    "assay_mode": "additive",
    "batch_size": 256,
    "cond_id": 5,
    "device": "cuda",
    "embed_dim": 128,
    "epochs": 20,
    "head_type": "mhcflurry",
    "label": "c05_mhcflurry_additive_max125k",
    "lr": 0.001,
    "max_nM": 125000,
    "n_bins": 128,
    "n_heads": 4,
    "n_layers": 2,
    "n_params": 304530,
    "probe_alleles": [
      "HLA-A*02:01",
      "HLA-A*24:02",
      "HLA-A*03:01",
      "HLA-A*11:01",
      "HLA-A*01:01",
      "HLA-B*07:02",
      "HLA-B*44:02"
    ],
    "seed": 42,
    "sigma_mult": 0.75,
    "test_rows": 4060,
    "train_rows": 32805,
    "val_rows": 4184
  },
  "epoch_summaries": [
    {
      "epoch": 1,
      "epoch_time_s": 5.62,
      "train_grad_norm_output": 0.031111290476234385,
      "train_loss": 0.051140642905420114,
      "train_loss_mhcflurry": 0.051140642905420114,
      "val_accuracy": 0.7927820086479187,
      "val_auprc": 0.7651614546775818,
      "val_auroc": 0.8638769388198853,
      "val_balanced_accuracy": 0.7679183483123779,
      "val_f1": 0.6978041179675862,
      "val_loss": 0.04039846316856496,
      "val_n_samples": 4184,
      "val_pearson": 0.6967900395393372,
      "val_precision": 0.7104329466819763,
      "val_recall": 0.6856164336204529,
      "val_rmse_log10": 1.0496553182601929,
      "val_spearman": 0.6899464130401611
    },
    {
      "epoch": 2,
      "epoch_time_s": 4.16,
      "train_grad_norm_output": 0.037882058022096175,
      "train_loss": 0.03728824485699798,
      "train_loss_mhcflurry": 0.03728824485699798,
      "val_accuracy": 0.8326959609985352,
      "val_auprc": 0.8300118446350098,
      "val_auroc": 0.9026597738265991,
      "val_balanced_accuracy": 0.8111258447170258,
      "val_f1": 0.7552447511348938,
      "val_loss": 0.0308880852535367,
      "val_n_samples": 4184,
      "val_pearson": 0.7684108018875122,
      "val_precision": 0.7714285850524902,
      "val_recall": 0.7397260069847107,
      "val_rmse_log10": 0.9288490414619446,
      "val_spearman": 0.7562830448150635
    },
    {
      "epoch": 3,
      "epoch_time_s": 4.11,
      "train_grad_norm_output": 0.045234610001708184,
      "train_loss": 0.029877091057656346,
      "train_loss_mhcflurry": 0.029877091057656346,
      "val_accuracy": 0.8358030319213867,
      "val_auprc": 0.8468113541603088,
      "val_auroc": 0.9212640523910522,
      "val_balanced_accuracy": 0.8003223538398743,
      "val_f1": 0.7437523279441491,
      "val_loss": 0.029560576795655137,
      "val_n_samples": 4184,
      "val_pearson": 0.7919145822525024,
      "val_precision": 0.8165438175201416,
      "val_recall": 0.682876706123352,
      "val_rmse_log10": 0.9131678938865662,
      "val_spearman": 0.775728166103363
    },
    {
      "epoch": 4,
      "epoch_time_s": 4.15,
      "train_grad_norm_output": 0.042745691197094066,
      "train_loss": 0.02623447650220505,
      "train_loss_mhcflurry": 0.02623447650220505,
      "val_accuracy": 0.8620936870574951,
      "val_auprc": 0.8583127856254578,
      "val_auroc": 0.9278470277786255,
      "val_balanced_accuracy": 0.8433966040611267,
      "val_f1": 0.7981811824196997,
      "val_loss": 0.02601161610115977,
      "val_n_samples": 4184,
      "val_pearson": 0.8111873865127563,
      "val_precision": 0.8155825734138489,
      "val_recall": 0.7815068364143372,
      "val_rmse_log10": 0.8598417043685913,
      "val_spearman": 0.7875953912734985
    },
    {
      "epoch": 5,
      "epoch_time_s": 4.05,
      "train_grad_norm_output": 0.04205483683319979,
      "train_loss": 0.024287612834411075,
      "train_loss_mhcflurry": 0.024287612834411075,
      "val_accuracy": 0.859942615032196,
      "val_auprc": 0.8624908328056335,
      "val_auroc": 0.9281253814697266,
      "val_balanced_accuracy": 0.846988707780838,
      "val_f1": 0.800272661213722,
      "val_loss": 0.02557914419209256,
      "val_n_samples": 4184,
      "val_pearson": 0.8131746053695679,
      "val_precision": 0.7964721918106079,
      "val_recall": 0.8041095733642578,
      "val_rmse_log10": 0.8477274179458618,
      "val_spearman": 0.7908259034156799
    },
    {
      "epoch": 6,
      "epoch_time_s": 4.59,
      "train_grad_norm_output": 0.03992335316400195,
      "train_loss": 0.023096323099940322,
      "train_loss_mhcflurry": 0.023096323099940322,
      "val_accuracy": 0.8632887005805969,
      "val_auprc": 0.8641512989997864,
      "val_auroc": 0.9305043816566467,
      "val_balanced_accuracy": 0.8470158576965332,
      "val_f1": 0.8019390380916926,
      "val_loss": 0.025766779942547575,
      "val_n_samples": 4184,
      "val_pearson": 0.8117809891700745,
      "val_precision": 0.8109243512153625,
      "val_recall": 0.7931506633758545,
      "val_rmse_log10": 0.857032060623169,
      "val_spearman": 0.7871580719947815
    },
    {
      "epoch": 7,
      "epoch_time_s": 4.08,
      "train_grad_norm_output": 0.040608580577974174,
      "train_loss": 0.02216119182028974,
      "train_loss_mhcflurry": 0.02216119182028974,
      "val_accuracy": 0.8649617433547974,
      "val_auprc": 0.8679157495498657,
      "val_auroc": 0.9311715364456177,
      "val_balanced_accuracy": 0.8579943776130676,
      "val_f1": 0.8118548104577061,
      "val_loss": 0.02436811915215324,
      "val_n_samples": 4184,
      "val_pearson": 0.8272120356559753,
      "val_precision": 0.7900194525718689,
      "val_recall": 0.834931492805481,
      "val_rmse_log10": 0.8225867748260498,
      "val_spearman": 0.8029200434684753
    },
    {
      "epoch": 8,
      "epoch_time_s": 4.08,
      "train_grad_norm_output": 0.035553914357640944,
      "train_loss": 0.020942848016933878,
      "train_loss_mhcflurry": 0.020942848016933878,
      "val_accuracy": 0.8721319437026978,
      "val_auprc": 0.8724308609962463,
      "val_auroc": 0.9343425035476685,
      "val_balanced_accuracy": 0.8606405854225159,
      "val_f1": 0.8178413378473043,
      "val_loss": 0.0235871987636475,
      "val_n_samples": 4184,
      "val_pearson": 0.8287003636360168,
      "val_precision": 0.8131347298622131,
      "val_recall": 0.8226027488708496,
      "val_rmse_log10": 0.8178022503852844,
      "val_spearman": 0.8016660809516907
    },
    {
      "epoch": 9,
      "epoch_time_s": 4.08,
      "train_grad_norm_output": 0.03487000664941562,
      "train_loss": 0.02048789846977984,
      "train_loss_mhcflurry": 0.02048789846977984,
      "val_accuracy": 0.8675908446311951,
      "val_auprc": 0.8738930821418762,
      "val_auroc": 0.9349839687347412,
      "val_balanced_accuracy": 0.8534980714321136,
      "val_f1": 0.809621995201038,
      "val_loss": 0.023250069578780848,
      "val_n_samples": 4184,
      "val_pearson": 0.8317990899085999,
      "val_precision": 0.8124138116836548,
      "val_recall": 0.8068493008613586,
      "val_rmse_log10": 0.805871844291687,
      "val_spearman": 0.8053099513053894
    },
    {
      "epoch": 10,
      "epoch_time_s": 4.14,
      "train_grad_norm_output": 0.03680687367396299,
      "train_loss": 0.01973454117081886,
      "train_loss_mhcflurry": 0.01973454117081886,
      "val_accuracy": 0.8683078289031982,
      "val_auprc": 0.8744978904724121,
      "val_auroc": 0.9367212653160095,
      "val_balanced_accuracy": 0.8580215275287628,
      "val_f1": 0.8136624916921259,
      "val_loss": 0.02359518003376091,
      "val_n_samples": 4184,
      "val_pearson": 0.8292713165283203,
      "val_precision": 0.8036072254180908,
      "val_recall": 0.8239725828170776,
      "val_rmse_log10": 0.8165857195854187,
      "val_spearman": 0.8043391108512878
    },
    {
      "epoch": 11,
      "epoch_time_s": 4.11,
      "train_grad_norm_output": 0.03420776625474294,
      "train_loss": 0.018905930791425614,
      "train_loss_mhcflurry": 0.018905930791425614,
      "val_accuracy": 0.8652007579803467,
      "val_auprc": 0.8712996244430542,
      "val_auroc": 0.9338771104812622,
      "val_balanced_accuracy": 0.8626274764537811,
      "val_f1": 0.8155657322485771,
      "val_loss": 0.02437281427795396,