{
  "config": {
    "assay_mode": "additive",
    "batch_size": 256,
    "cond_id": 6,
    "device": "cuda",
    "embed_dim": 128,
    "epochs": 20,
    "head_type": "mhcflurry",
    "label": "c06_mhcflurry_additive_max150k",
    "lr": 0.001,
    "max_nM": 150000,
    "n_bins": 128,
    "n_heads": 4,
    "n_layers": 2,
    "n_params": 304530,
    "probe_alleles": [
      "HLA-A*02:01",
      "HLA-A*24:02",
      "HLA-A*03:01",
      "HLA-A*11:01",
      "HLA-A*01:01",
      "HLA-B*07:02",
      "HLA-B*44:02"
    ],
    "seed": 42,
    "sigma_mult": 0.75,
    "test_rows": 4060,
    "train_rows": 32805,
    "val_rows": 4184
  },
  "epoch_summaries": [
    {
      "epoch": 1,
      "epoch_time_s": 5.28,
      "train_grad_norm_output": 0.03079895292545936,
      "train_loss": 0.04954247514522353,
      "train_loss_mhcflurry": 0.04954247514522353,
      "val_accuracy": 0.7934990525245667,
      "val_auprc": 0.766372799873352,
      "val_auroc": 0.8646193742752075,
      "val_balanced_accuracy": 0.7691046595573425,
      "val_f1": 0.6993736837171194,
      "val_loss": 0.0389862009050215,
      "val_n_samples": 4184,
      "val_pearson": 0.6971704363822937,
      "val_precision": 0.710749626159668,
      "val_recall": 0.6883561611175537,
      "val_rmse_log10": 1.0468634366989136,
      "val_spearman": 0.6900843381881714
    },
    {
      "epoch": 2,
      "epoch_time_s": 3.99,
      "train_grad_norm_output": 0.0373241757367586,
      "train_loss": 0.036292987406369326,
      "train_loss_mhcflurry": 0.036292987406369326,
      "val_accuracy": 0.8336520195007324,
      "val_auprc": 0.8266881704330444,
      "val_auroc": 0.9016828536987305,
      "val_balanced_accuracy": 0.8159917891025543,
      "val_f1": 0.7606602718393856,
      "val_loss": 0.030258523135939065,
      "val_n_samples": 4184,
      "val_pearson": 0.7654798626899719,
      "val_precision": 0.7638121843338013,
      "val_recall": 0.7575342655181885,
      "val_rmse_log10": 0.9326364994049072,
      "val_spearman": 0.7547221183776855
    },
    {
      "epoch": 3,
      "epoch_time_s": 3.97,
      "train_grad_norm_output": 0.045192372855232206,
      "train_loss": 0.029154063686150915,
      "train_loss_mhcflurry": 0.029154063686150915,
      "val_accuracy": 0.8379541039466858,
      "val_auprc": 0.844358503818512,
      "val_auroc": 0.9207671880722046,
      "val_balanced_accuracy": 0.8049936592578888,
      "val_f1": 0.749815503075544,
      "val_loss": 0.02859646865331075,
      "val_n_samples": 4184,
      "val_pearson": 0.7912854552268982,
      "val_precision": 0.8127999901771545,
      "val_recall": 0.6958904266357422,
      "val_rmse_log10": 0.9115669131278992,
      "val_spearman": 0.7750841975212097
    },
    {
      "epoch": 4,
      "epoch_time_s": 3.96,
      "train_grad_norm_output": 0.04171937849921312,
      "train_loss": 0.02560847242499969,
      "train_loss_mhcflurry": 0.02560847242499969,
      "val_accuracy": 0.860659658908844,
      "val_auprc": 0.8641801476478577,
      "val_auroc": 0.9286214709281921,
      "val_balanced_accuracy": 0.8491285145282745,
      "val_f1": 0.8024398491617971,
      "val_loss": 0.024947555790490964,
      "val_n_samples": 4184,
      "val_pearson": 0.8131516575813293,
      "val_precision": 0.794097900390625,
      "val_recall": 0.8109589219093323,
      "val_rmse_log10": 0.8511590957641602,
      "val_spearman": 0.7910304665565491
    },
    {
      "epoch": 5,
      "epoch_time_s": 3.97,
      "train_grad_norm_output": 0.04233663961608974,
      "train_loss": 0.023791904857223347,
      "train_loss_mhcflurry": 0.023791904857223347,
      "val_accuracy": 0.8530114889144897,
      "val_auprc": 0.8624711036682129,
      "val_auroc": 0.9246753454208374,
      "val_balanced_accuracy": 0.8437314927577972,
      "val_f1": 0.7942455528495449,
      "val_loss": 0.025624426629613426,
      "val_n_samples": 4184,
      "val_pearson": 0.8094243407249451,
      "val_precision": 0.7763243913650513,
      "val_recall": 0.8130136728286743,
      "val_rmse_log10": 0.8588142991065979,
      "val_spearman": 0.7870721817016602
    },
    {
      "epoch": 6,
      "epoch_time_s": 4.29,
      "train_grad_norm_output": 0.03764900511722694,
      "train_loss": 0.0226083257083976,
      "train_loss_mhcflurry": 0.0226083257083976,
      "val_accuracy": 0.8637667298316956,
      "val_auprc": 0.8739508390426636,
      "val_auroc": 0.9341685771942139,
      "val_balanced_accuracy": 0.8472240567207336,
      "val_f1": 0.802357832739261,
      "val_loss": 0.024083016221137607,
      "val_n_samples": 4184,
      "val_pearson": 0.8201748132705688,
      "val_precision": 0.8125,
      "val_recall": 0.7924657464027405,
      "val_rmse_log10": 0.8423370122909546,
      "val_spearman": 0.7942658066749573
    },
    {
      "epoch": 7,
      "epoch_time_s": 4.01,
      "train_grad_norm_output": 0.039552258147114466,
      "train_loss": 0.02163981104832749,
      "train_loss_mhcflurry": 0.02163981104832749,
      "val_accuracy": 0.8570745587348938,
      "val_auprc": 0.8705251216888428,
      "val_auroc": 0.9310219883918762,
      "val_balanced_accuracy": 0.8520960211753845,
      "val_f1": 0.8031599556564417,
      "val_loss": 0.02457601807134993,
      "val_n_samples": 4184,
      "val_pearson": 0.8216004967689514,
      "val_precision": 0.7731305360794067,
      "val_recall": 0.835616409778595,
      "val_rmse_log10": 0.8363480567932129,
      "val_spearman": 0.7998530864715576
    },
    {
      "epoch": 8,
      "epoch_time_s": 4.02,
      "train_grad_norm_output": 0.03271941359104343,
      "train_loss": 0.0202621760698714,
      "train_loss_mhcflurry": 0.0202621760698714,
      "val_accuracy": 0.8687858581542969,
      "val_auprc": 0.8727376461029053,
      "val_auroc": 0.9333403706550598,
      "val_balanced_accuracy": 0.8569584488868713,
      "val_f1": 0.8130745565420235,
      "val_loss": 0.02380067077191437,
      "val_n_samples": 4184,
      "val_pearson": 0.8213512897491455,
      "val_precision": 0.8083953857421875,
      "val_recall": 0.817808210849762,
      "val_rmse_log10": 0.8322319984436035,
      "val_spearman": 0.7980254292488098
    },
    {
      "epoch": 9,
      "epoch_time_s": 3.99,
      "train_grad_norm_output": 0.033353391045690045,
      "train_loss": 0.01960368334611719,
      "train_loss_mhcflurry": 0.01960368334611719,
      "val_accuracy": 0.870936930179596,
      "val_auprc": 0.8810315728187561,
      "val_auroc": 0.9374771118164062,
      "val_balanced_accuracy": 0.8597228229045868,
      "val_f1": 0.816451399869453,
      "val_loss": 0.022292424650753245,
      "val_n_samples": 4184,
      "val_pearson": 0.8332768678665161,
      "val_precision": 0.810391366481781,
      "val_recall": 0.8226027488708496,
      "val_rmse_log10": 0.8036808371543884,
      "val_spearman": 0.8068395853042603
    },
    {
      "epoch": 10,
      "epoch_time_s": 3.99,
      "train_grad_norm_output": 0.03385643050247847,
      "train_loss": 0.01901593792086193,
      "train_loss_mhcflurry": 0.01901593792086193,
      "val_accuracy": 0.875717043876648,
      "val_auprc": 0.8795440196990967,
      "val_auroc": 0.9377941489219666,
      "val_balanced_accuracy": 0.867525577545166,
      "val_f1": 0.8251513160932226,
      "val_loss": 0.022601137649925315,
      "val_n_samples": 4184,
      "val_pearson": 0.8327338695526123,
      "val_precision": 0.810435950756073,
      "val_recall": 0.8404109477996826,
      "val_rmse_log10": 0.8137024641036987,
      "val_spearman": 0.8087409734725952
    },
    {
      "epoch": 11,
      "epoch_time_s": 4.12,
      "train_grad_norm_output": 0.03360338465765465,
      "train_loss": 0.018439132474767146,
      "train_loss_mhcflurry": 0.018439132474767146,
      "val_accuracy": 0.8683078289031982,
      "val_auprc": 0.8776050806045532,
      "val_auroc": 0.9373173713684082,
      "val_balanced_accuracy": 0.8642191290855408,
      "val_f1": 0.818451398583713,
      "val_loss": 0.023147794911090064,
      "val_n_samples": 4184,