{
  "config": {
    "assay_mode": "additive",
    "batch_size": 256,
    "cond_id": 7,
    "device": "cuda",
    "embed_dim": 256,
    "epochs": 20,
    "head_type": "mhcflurry",
    "label": "c07_mhcflurry_additive_max25k_d256",
    "lr": 0.001,
    "max_nM": 25000,
    "n_bins": 128,
    "n_heads": 4,
    "n_layers": 2,
    "n_params": 1147410,
    "probe_alleles": [
      "HLA-A*02:01",
      "HLA-A*24:02",
      "HLA-A*03:01",
      "HLA-A*11:01",
      "HLA-A*01:01",
      "HLA-B*07:02",
      "HLA-B*44:02"
    ],
    "seed": 42,
    "sigma_mult": 0.75,
    "test_rows": 4060,
    "train_rows": 32805,
    "val_rows": 4184
  },
  "epoch_summaries": [
    {
      "epoch": 1,
      "epoch_time_s": 6.01,
      "train_grad_norm_output": 0.04534786275421926,
      "train_loss": 0.06215503869592681,
      "train_loss_mhcflurry": 0.06215503869592681,
      "val_accuracy": 0.79780113697052,
      "val_auprc": 0.7797279357910156,
      "val_auroc": 0.8686741590499878,
      "val_balanced_accuracy": 0.7517500221729279,
      "val_f1": 0.674114018430666,
      "val_loss": 0.048751182196771395,
      "val_n_samples": 4184,
      "val_pearson": 0.6951337456703186,
      "val_precision": 0.7702465057373047,
      "val_recall": 0.5993150472640991,
      "val_rmse_log10": 1.0612672567367554,
      "val_spearman": 0.6816301941871643
    },
    {
      "epoch": 2,
      "epoch_time_s": 4.89,
      "train_grad_norm_output": 0.047603519821120786,
      "train_loss": 0.04444925322435623,
      "train_loss_mhcflurry": 0.04444925322435623,
      "val_accuracy": 0.8389101624488831,
      "val_auprc": 0.8289289474487305,
      "val_auroc": 0.9030653238296509,
      "val_balanced_accuracy": 0.8359211981296539,
      "val_f1": 0.7815943026414093,
      "val_loss": 0.040473585948348045,
      "val_n_samples": 4184,
      "val_pearson": 0.7648743391036987,
      "val_precision": 0.7416974306106567,
      "val_recall": 0.8260273933410645,
      "val_rmse_log10": 0.9646475911140442,
      "val_spearman": 0.7434426546096802
    },
    {
      "epoch": 3,
      "epoch_time_s": 4.82,
      "train_grad_norm_output": 0.07320753831503003,
      "train_loss": 0.03775479105958181,
      "train_loss_mhcflurry": 0.03775479105958181,
      "val_accuracy": 0.8477533459663391,
      "val_auprc": 0.8461765050888062,
      "val_auroc": 0.9165838360786438,
      "val_balanced_accuracy": 0.8374685645103455,
      "val_f1": 0.7864565889228904,
      "val_loss": 0.035288635860471165,
      "val_n_samples": 4184,
      "val_pearson": 0.78729647397995,
      "val_precision": 0.770190417766571,
      "val_recall": 0.8034246563911438,
      "val_rmse_log10": 0.902099072933197,
      "val_spearman": 0.7632067799568176
    },
    {
      "epoch": 4,
      "epoch_time_s": 4.84,
      "train_grad_norm_output": 0.06742546152929928,
      "train_loss": 0.03317905615928561,
      "train_loss_mhcflurry": 0.03317905615928561,
      "val_accuracy": 0.841539204120636,
      "val_auprc": 0.857429563999176,
      "val_auroc": 0.9195618629455566,
      "val_balanced_accuracy": 0.8406417667865753,
      "val_f1": 0.7867481422393044,
      "val_loss": 0.0349019496318172,
      "val_n_samples": 4184,
      "val_pearson": 0.8009375929832458,
      "val_precision": 0.7416616082191467,
      "val_recall": 0.8376712203025818,
      "val_rmse_log10": 0.9002477526664734,
      "val_spearman": 0.7780911326408386
    },
    {
      "epoch": 5,
      "epoch_time_s": 4.92,
      "train_grad_norm_output": 0.06870723689018293,
      "train_loss": 0.03095869041343992,
      "train_loss_mhcflurry": 0.03095869041343992,
      "val_accuracy": 0.8575525879859924,
      "val_auprc": 0.8728106021881104,
      "val_auroc": 0.93019700050354,
      "val_balanced_accuracy": 0.8516685664653778,
      "val_f1": 0.8030403254405946,
      "val_loss": 0.030865044004338628,
      "val_n_samples": 4184,
      "val_pearson": 0.8172125816345215,
      "val_precision": 0.7758620977401733,
      "val_recall": 0.8321917653083801,
      "val_rmse_log10": 0.8470004796981812,
      "val_spearman": 0.7897290587425232
    },
    {
      "epoch": 6,
      "epoch_time_s": 5.17,
      "train_grad_norm_output": 0.07363105560977791,
      "train_loss": 0.029672628398551497,
      "train_loss_mhcflurry": 0.029672628398551497,
      "val_accuracy": 0.8563575744628906,
      "val_auprc": 0.8662897348403931,
      "val_auroc": 0.9275943636894226,
      "val_balanced_accuracy": 0.8404214978218079,
      "val_f1": 0.7928300440079487,
      "val_loss": 0.030686955132028636,
      "val_n_samples": 4184,
      "val_pearson": 0.8132660984992981,
      "val_precision": 0.7980569005012512,
      "val_recall": 0.7876712083816528,
      "val_rmse_log10": 0.8441502451896667,
      "val_spearman": 0.7883413434028625
    },
    {
      "epoch": 7,
      "epoch_time_s": 4.92,
      "train_grad_norm_output": 0.07041812370451846,
      "train_loss": 0.028510849792943445,
      "train_loss_mhcflurry": 0.028510849792943445,
      "val_accuracy": 0.8630496859550476,
      "val_auprc": 0.8771518468856812,
      "val_auroc": 0.9335477948188782,
      "val_balanced_accuracy": 0.8554135859012604,
      "val_f1": 0.8088088239965905,
      "val_loss": 0.028896405197241726,
      "val_n_samples": 4184,
      "val_pearson": 0.8262138962745667,
      "val_precision": 0.7885491251945496,
      "val_recall": 0.8301370143890381,
      "val_rmse_log10": 0.8259201049804688,
      "val_spearman": 0.7964544892311096
    },
    {
      "epoch": 8,
      "epoch_time_s": 4.96,
      "train_grad_norm_output": 0.0687774737444959,
      "train_loss": 0.028327052936304446,
      "train_loss_mhcflurry": 0.028327052936304446,
      "val_accuracy": 0.850382387638092,
      "val_auprc": 0.8663517236709595,
      "val_auroc": 0.9268028140068054,
      "val_balanced_accuracy": 0.848545640707016,
      "val_f1": 0.7971484158425773,
      "val_loss": 0.03346982368213289,
      "val_n_samples": 4184,
      "val_pearson": 0.817608118057251,
      "val_precision": 0.7564575672149658,
      "val_recall": 0.8424657583236694,
      "val_rmse_log10": 0.8740268349647522,
      "val_spearman": 0.788394033908844
    },
    {
      "epoch": 9,
      "epoch_time_s": 4.84,
      "train_grad_norm_output": 0.061676439417656076,
      "train_loss": 0.02721385328575622,
      "train_loss_mhcflurry": 0.02721385328575622,
      "val_accuracy": 0.8675908446311951,
      "val_auprc": 0.8772740364074707,
      "val_auroc": 0.9336780309677124,
      "val_balanced_accuracy": 0.8560406565666199,
      "val_f1": 0.8116927118921823,
      "val_loss": 0.029059626983807367,
      "val_n_samples": 4184,
      "val_pearson": 0.8247793912887573,
      "val_precision": 0.8056679964065552,
      "val_recall": 0.817808210849762,
      "val_rmse_log10": 0.8250933289527893,
      "val_spearman": 0.7947471141815186
    },
    {
      "epoch": 10,
      "epoch_time_s": 4.88,
      "train_grad_norm_output": 0.06034400784807612,
      "train_loss": 0.02671050935868145,
      "train_loss_mhcflurry": 0.02671050935868145,
      "val_accuracy": 0.8666347861289978,
      "val_auprc": 0.8774213194847107,
      "val_auroc": 0.9327099323272705,
      "val_balanced_accuracy": 0.8459306359291077,
      "val_f1": 0.8026874166595501,
      "val_loss": 0.02886092323152458,
      "val_n_samples": 4184,
      "val_pearson": 0.8266529440879822,
      "val_precision": 0.8296783566474915,
      "val_recall": 0.7773972749710083,
      "val_rmse_log10": 0.8172844648361206,
      "val_spearman": 0.8021480441093445
    },
    {
      "epoch": 11,
      "epoch_time_s": 4.9,
      "train_grad_norm_output": 0.06803480303275955,
      "train_loss": 0.026503727229875186,
      "train_loss_mhcflurry": 0.026503727229875186,
      "val_accuracy": 0.8554015159606934,
      "val_auprc": 0.8772091269493103,
      "val_auroc": 0.9327095150947571,
      "val_balanced_accuracy": 0.8616171777248383,
      "val_f1": 0.8098082506235217,
      "val_loss": 0.03289531050797771,