{
  "config": {
    "assay_mode": "additive",
    "batch_size": 256,
    "cond_id": 8,
    "device": "cuda",
    "embed_dim": 256,
    "epochs": 20,
    "head_type": "mhcflurry",
    "label": "c08_mhcflurry_additive_max50k_d256",
    "lr": 0.001,
    "max_nM": 50000,
    "n_bins": 128,
    "n_heads": 4,
    "n_layers": 2,
    "n_params": 1147410,
    "probe_alleles": [
      "HLA-A*02:01",
      "HLA-A*24:02",
      "HLA-A*03:01",
      "HLA-A*11:01",
      "HLA-A*01:01",
      "HLA-B*07:02",
      "HLA-B*44:02"
    ],
    "seed": 42,
    "sigma_mult": 0.75,
    "test_rows": 4060,
    "train_rows": 32805,
    "val_rows": 4184
  },
  "epoch_summaries": [
    {
      "epoch": 1,
      "epoch_time_s": 6.37,
      "train_grad_norm_output": 0.04549591811446026,
      "train_loss": 0.05784706066745196,
      "train_loss_mhcflurry": 0.05784706066745196,
      "val_accuracy": 0.8066443800926208,
      "val_auprc": 0.790818452835083,
      "val_auroc": 0.874046266078949,
      "val_balanced_accuracy": 0.7571113109588623,
      "val_f1": 0.6816214045483486,
      "val_loss": 0.045582354616592914,
      "val_n_samples": 4184,
      "val_pearson": 0.7020930647850037,
      "val_precision": 0.8011100888252258,
      "val_recall": 0.5931506752967834,
      "val_rmse_log10": 1.0566179752349854,
      "val_spearman": 0.6875960826873779
    },
    {
      "epoch": 2,
      "epoch_time_s": 5.19,
      "train_grad_norm_output": 0.05030108425159787,
      "train_loss": 0.03997534093295419,
      "train_loss_mhcflurry": 0.03997534093295419,
      "val_accuracy": 0.8401051759719849,
      "val_auprc": 0.8484125733375549,
      "val_auroc": 0.9142806529998779,
      "val_balanced_accuracy": 0.8236492574214935,
      "val_f1": 0.7704974393459587,
      "val_loss": 0.0335229948601302,
      "val_n_samples": 4184,
      "val_pearson": 0.783079981803894,
      "val_precision": 0.7718213200569153,
      "val_recall": 0.7691780924797058,
      "val_rmse_log10": 0.9036287665367126,
      "val_spearman": 0.7594783902168274
    },
    {
      "epoch": 3,
      "epoch_time_s": 5.2,
      "train_grad_norm_output": 0.07622704426794089,
      "train_loss": 0.03376517524264117,
      "train_loss_mhcflurry": 0.03376517524264117,
      "val_accuracy": 0.8398661613464355,
      "val_auprc": 0.8325191736221313,
      "val_auroc": 0.912438154220581,
      "val_balanced_accuracy": 0.8148844540119171,
      "val_f1": 0.76139601288805,
      "val_loss": 0.03522730147575631,
      "val_n_samples": 4184,
      "val_pearson": 0.7736021280288696,
      "val_precision": 0.7930266857147217,
      "val_recall": 0.732191801071167,
      "val_rmse_log10": 0.9236677885055542,
      "val_spearman": 0.7472330331802368
    },
    {
      "epoch": 4,
      "epoch_time_s": 5.21,
      "train_grad_norm_output": 0.07054803858316222,
      "train_loss": 0.029946894334383713,
      "train_loss_mhcflurry": 0.029946894334383713,
      "val_accuracy": 0.8522944450378418,
      "val_auprc": 0.8586059212684631,
      "val_auroc": 0.9235527515411377,
      "val_balanced_accuracy": 0.8493784368038177,
      "val_f1": 0.7986970806257415,
      "val_loss": 0.03163599442033207,
      "val_n_samples": 4184,
      "val_pearson": 0.8001893758773804,
      "val_precision": 0.7614907026290894,
      "val_recall": 0.8397260308265686,
      "val_rmse_log10": 0.8797509074211121,
      "val_spearman": 0.7809303402900696
    },
    {
      "epoch": 5,
      "epoch_time_s": 5.16,
      "train_grad_norm_output": 0.0638671476653842,
      "train_loss": 0.028068386292619298,
      "train_loss_mhcflurry": 0.028068386292619298,
      "val_accuracy": 0.8611376881599426,
      "val_auprc": 0.8662397861480713,
      "val_auroc": 0.9283233284950256,
      "val_balanced_accuracy": 0.8512436151504517,
      "val_f1": 0.8044429351338952,
      "val_loss": 0.03034594896085122,
      "val_n_samples": 4184,
      "val_pearson": 0.8051261901855469,
      "val_precision": 0.7908669710159302,
      "val_recall": 0.818493127822876,
      "val_rmse_log10": 0.8618649840354919,
      "val_spearman": 0.7813432812690735
    },
    {
      "epoch": 6,
      "epoch_time_s": 5.53,
      "train_grad_norm_output": 0.05760689183723095,
      "train_loss": 0.026763508861610132,
      "train_loss_mhcflurry": 0.026763508861610132,
      "val_accuracy": 0.8570745587348938,
      "val_auprc": 0.8698704242706299,
      "val_auroc": 0.926819384098053,
      "val_balanced_accuracy": 0.8395419716835022,
      "val_f1": 0.7923611188479867,
      "val_loss": 0.028397336876129404,
      "val_n_samples": 4184,
      "val_pearson": 0.8169788122177124,
      "val_precision": 0.8035211563110352,
      "val_recall": 0.7815068364143372,
      "val_rmse_log10": 0.8410427570343018,
      "val_spearman": 0.791091799736023
    },
    {
      "epoch": 7,
      "epoch_time_s": 5.18,
      "train_grad_norm_output": 0.06677756885918536,
      "train_loss": 0.026693356981457667,
      "train_loss_mhcflurry": 0.026693356981457667,
      "val_accuracy": 0.8587476015090942,
      "val_auprc": 0.8763957023620605,
      "val_auroc": 0.932151734828949,
      "val_balanced_accuracy": 0.8457531332969666,
      "val_f1": 0.7986371527408163,
      "val_loss": 0.026636284173411483,
      "val_n_samples": 4184,
      "val_pearson": 0.8270357251167297,
      "val_precision": 0.7945762872695923,
      "val_recall": 0.8027397394180298,
      "val_rmse_log10": 0.8150042295455933,
      "val_spearman": 0.798633337020874
    },
    {
      "epoch": 8,
      "epoch_time_s": 5.13,
      "train_grad_norm_output": 0.059509353813274886,
      "train_loss": 0.025213304214006246,
      "train_loss_mhcflurry": 0.025213304214006246,
      "val_accuracy": 0.8532505035400391,
      "val_auprc": 0.87091463804245,
      "val_auroc": 0.929904580116272,
      "val_balanced_accuracy": 0.8502715528011322,
      "val_f1": 0.7998696026999893,
      "val_loss": 0.028071147773195717,
      "val_n_samples": 4184,
      "val_pearson": 0.8278487324714661,
      "val_precision": 0.763059675693512,
      "val_recall": 0.8404109477996826,
      "val_rmse_log10": 0.8286836743354797,
      "val_spearman": 0.8007756471633911
    },
    {
      "epoch": 9,
      "epoch_time_s": 5.13,
      "train_grad_norm_output": 0.05697813695080058,
      "train_loss": 0.024643206708999568,
      "train_loss_mhcflurry": 0.024643206708999568,
      "val_accuracy": 0.8692638874053955,
      "val_auprc": 0.8802880048751831,
      "val_auroc": 0.935778796672821,
      "val_balanced_accuracy": 0.8566899001598358,
      "val_f1": 0.8131192312645711,
      "val_loss": 0.026349537458051655,
      "val_n_samples": 4184,
      "val_pearson": 0.8333060145378113,
      "val_precision": 0.8111792802810669,
      "val_recall": 0.8150684833526611,
      "val_rmse_log10": 0.8023654222488403,
      "val_spearman": 0.8041319847106934
    },
    {
      "epoch": 10,
      "epoch_time_s": 5.15,
      "train_grad_norm_output": 0.052759974660683974,
      "train_loss": 0.023480746822879296,
      "train_loss_mhcflurry": 0.023480746822879296,
      "val_accuracy": 0.866156816482544,
      "val_auprc": 0.8795365691184998,
      "val_auroc": 0.9335547685623169,
      "val_balanced_accuracy": 0.8528735041618347,
      "val_f1": 0.8083504525746392,
      "val_loss": 0.026892311706700745,
      "val_n_samples": 4184,
      "val_pearson": 0.8287476897239685,
      "val_precision": 0.8077975511550903,
      "val_recall": 0.8089041113853455,
      "val_rmse_log10": 0.812860906124115,
      "val_spearman": 0.797706127166748
    },
    {
      "epoch": 11,
      "epoch_time_s": 5.18,
      "train_grad_norm_output": 0.06693556998646999,
      "train_loss": 0.02390397998482682,
      "train_loss_mhcflurry": 0.02390397998482682,
      "val_accuracy": 0.8544455170631409,
      "val_auprc": 0.8784526586532593,
      "val_auroc": 0.9323187470436096,
      "val_balanced_accuracy": 0.8570690751075745,
      "val_f1": 0.8058654748297364,
      "val_loss": 0.028734558316714624,