{
  "config": {
    "assay_mode": "additive",
    "batch_size": 256,
    "cond_id": 9,
    "device": "cuda",
    "embed_dim": 256,
    "epochs": 20,
    "head_type": "mhcflurry",
    "label": "c09_mhcflurry_additive_max75k_d256",
    "lr": 0.001,
    "max_nM": 75000,
    "n_bins": 128,
    "n_heads": 4,
    "n_layers": 2,
    "n_params": 1147410,
    "probe_alleles": [
      "HLA-A*02:01",
      "HLA-A*24:02",
      "HLA-A*03:01",
      "HLA-A*11:01",
      "HLA-A*01:01",
      "HLA-B*07:02",
      "HLA-B*44:02"
    ],
    "seed": 42,
    "sigma_mult": 0.75,
    "test_rows": 4060,
    "train_rows": 32805,
    "val_rows": 4184
  },
  "epoch_summaries": [
    {
      "epoch": 1,
      "epoch_time_s": 7.21,
      "train_grad_norm_output": 0.044117957505202574,
      "train_loss": 0.05521314755775208,
      "train_loss_mhcflurry": 0.05521314755775208,
      "val_accuracy": 0.80329829454422,
      "val_auprc": 0.7845213413238525,
      "val_auroc": 0.8695472478866577,
      "val_balanced_accuracy": 0.7570841610431671,
      "val_f1": 0.6818708875827092,
      "val_loss": 0.04267371281543199,
      "val_n_samples": 4184,
      "val_pearson": 0.7024653553962708,
      "val_precision": 0.782608687877655,
      "val_recall": 0.6041095852851868,
      "val_rmse_log10": 1.0420931577682495,
      "val_spearman": 0.6900724172592163
    },
    {
      "epoch": 2,
      "epoch_time_s": 5.94,
      "train_grad_norm_output": 0.04750169156653474,
      "train_loss": 0.03861281372491242,
      "train_loss_mhcflurry": 0.03861281372491242,
      "val_accuracy": 0.8413001894950867,
      "val_auprc": 0.8367070555686951,
      "val_auroc": 0.9110071659088135,
      "val_balanced_accuracy": 0.8240902721881866,
      "val_f1": 0.7713498560220625,
      "val_loss": 0.03291687089949846,
      "val_n_samples": 4184,
      "val_pearson": 0.7727612257003784,
      "val_precision": 0.7756232619285583,
      "val_recall": 0.767123281955719,
      "val_rmse_log10": 0.9216187596321106,
      "val_spearman": 0.7555009722709656
    },
    {
      "epoch": 3,
      "epoch_time_s": 5.94,
      "train_grad_norm_output": 0.06443469383746617,
      "train_loss": 0.03238296254660732,
      "train_loss_mhcflurry": 0.03238296254660732,
      "val_accuracy": 0.8513384461402893,
      "val_auprc": 0.8509329557418823,
      "val_auroc": 0.9228994250297546,
      "val_balanced_accuracy": 0.8335475623607635,
      "val_f1": 0.7843273175331867,
      "val_loss": 0.030073272064328194,
      "val_n_samples": 4184,
      "val_pearson": 0.7957623600959778,
      "val_precision": 0.7942415475845337,
      "val_recall": 0.7746575474739075,
      "val_rmse_log10": 0.8797640800476074,
      "val_spearman": 0.7732253670692444
    },
    {
      "epoch": 4,
      "epoch_time_s": 5.94,
      "train_grad_norm_output": 0.0601452767646821,
      "train_loss": 0.02828767091440138,
      "train_loss_mhcflurry": 0.02828767091440138,
      "val_accuracy": 0.8434512615203857,
      "val_auprc": 0.8439071178436279,
      "val_auroc": 0.9210357069969177,
      "val_balanced_accuracy": 0.8446528017520905,
      "val_f1": 0.7909351860399598,
      "val_loss": 0.031364447711145174,
      "val_n_samples": 4184,
      "val_pearson": 0.7910450100898743,
      "val_precision": 0.7405857443809509,
      "val_recall": 0.8486301302909851,
      "val_rmse_log10": 0.8976392149925232,
      "val_spearman": 0.7799120545387268
    },
    {
      "epoch": 5,
      "epoch_time_s": 5.97,
      "train_grad_norm_output": 0.05642515464231025,
      "train_loss": 0.02675977588970532,
      "train_loss_mhcflurry": 0.02675977588970532,
      "val_accuracy": 0.864722728729248,
      "val_auprc": 0.8677852153778076,
      "val_auroc": 0.9308942556381226,
      "val_balanced_accuracy": 0.852725625038147,
      "val_f1": 0.8074829904323333,
      "val_loss": 0.027569493607563132,
      "val_n_samples": 4184,
      "val_pearson": 0.8140736818313599,
      "val_precision": 0.8020270466804504,
      "val_recall": 0.8130136728286743,
      "val_rmse_log10": 0.8474417328834534,
      "val_spearman": 0.7914029955863953
    },
    {
      "epoch": 6,
      "epoch_time_s": 6.27,
      "train_grad_norm_output": 0.05417881046905536,
      "train_loss": 0.025546254619031913,
      "train_loss_mhcflurry": 0.025546254619031913,
      "val_accuracy": 0.8616156578063965,
      "val_auprc": 0.8755569458007812,
      "val_auroc": 0.9303138852119446,
      "val_balanced_accuracy": 0.8497037887573242,
      "val_f1": 0.8033955766606264,
      "val_loss": 0.026575474178089815,
      "val_n_samples": 4184,
      "val_pearson": 0.8215886950492859,
      "val_precision": 0.7966330051422119,
      "val_recall": 0.8102739453315735,
      "val_rmse_log10": 0.8340062499046326,
      "val_spearman": 0.7954574227333069
    },
    {
      "epoch": 7,
      "epoch_time_s": 5.94,
      "train_grad_norm_output": 0.06379650216982809,
      "train_loss": 0.025434894891556842,
      "train_loss_mhcflurry": 0.025434894891556842,
      "val_accuracy": 0.8575525879859924,
      "val_auprc": 0.8701280355453491,
      "val_auroc": 0.9301617741584778,
      "val_balanced_accuracy": 0.8418160080909729,
      "val_f1": 0.7946243929955528,
      "val_loss": 0.026647344615091297,
      "val_n_samples": 4184,
      "val_pearson": 0.8187223076820374,
      "val_precision": 0.799583911895752,
      "val_recall": 0.7897260189056396,
      "val_rmse_log10": 0.8328065276145935,
      "val_spearman": 0.7945513129234314
    },
    {
      "epoch": 8,
      "epoch_time_s": 5.96,
      "train_grad_norm_output": 0.05988625000960143,
      "train_loss": 0.024166137196643407,
      "train_loss_mhcflurry": 0.024166137196643407,
      "val_accuracy": 0.8563575744628906,
      "val_auprc": 0.873451292514801,
      "val_auroc": 0.9325097799301147,
      "val_balanced_accuracy": 0.8523399531841278,
      "val_f1": 0.8030154076738929,
      "val_loss": 0.026147691149483707,
      "val_n_samples": 4184,
      "val_pearson": 0.8312429189682007,
      "val_precision": 0.7699559926986694,
      "val_recall": 0.8390411138534546,
      "val_rmse_log10": 0.822479248046875,
      "val_spearman": 0.8055240511894226
    },
    {
      "epoch": 9,
      "epoch_time_s": 5.95,
      "train_grad_norm_output": 0.05268417399867561,
      "train_loss": 0.023431000870096592,
      "train_loss_mhcflurry": 0.023431000870096592,
      "val_accuracy": 0.8721319437026978,
      "val_auprc": 0.8786240220069885,
      "val_auroc": 0.9365822076797485,
      "val_balanced_accuracy": 0.8593692779541016,
      "val_f1": 0.8168435629564229,
      "val_loss": 0.024831141920431572,
      "val_n_samples": 4184,
      "val_pearson": 0.8325803279876709,
      "val_precision": 0.8165640234947205,
      "val_recall": 0.817123293876648,
      "val_rmse_log10": 0.8044602274894714,
      "val_spearman": 0.8078255653381348
    },
    {
      "epoch": 10,
      "epoch_time_s": 5.98,
      "train_grad_norm_output": 0.05252831752679145,
      "train_loss": 0.022912643994240797,
      "train_loss_mhcflurry": 0.022912643994240797,
      "val_accuracy": 0.866156816482544,
      "val_auprc": 0.8819686770439148,
      "val_auroc": 0.9372509717941284,
      "val_balanced_accuracy": 0.8519200384616852,
      "val_f1": 0.8075601461315713,
      "val_loss": 0.024538517820046228,
      "val_n_samples": 4184,
      "val_pearson": 0.8369619250297546,
      "val_precision": 0.8103448152542114,
      "val_recall": 0.8047945499420166,
      "val_rmse_log10": 0.8005126118659973,
      "val_spearman": 0.8087815642356873
    },
    {
      "epoch": 11,
      "epoch_time_s": 6.01,
      "train_grad_norm_output": 0.0595087695058233,
      "train_loss": 0.02274587177202221,
      "train_loss_mhcflurry": 0.02274587177202221,
      "val_accuracy": 0.8577916026115417,
      "val_auprc": 0.8768569231033325,
      "val_auroc": 0.9298276305198669,
      "val_balanced_accuracy": 0.8548714518547058,
      "val_f1": 0.8057460094943946,
      "val_loss": 0.02817147142966004,