{
  "config": {
    "assay_mode": "additive",
    "batch_size": 256,
    "cond_id": 10,
    "device": "cuda",
    "embed_dim": 256,
    "epochs": 20,
    "head_type": "mhcflurry",
    "label": "c10_mhcflurry_additive_max100k_d256",
    "lr": 0.001,
    "max_nM": 100000,
    "n_bins": 128,
    "n_heads": 4,
    "n_layers": 2,
    "n_params": 1147410,
    "probe_alleles": [
      "HLA-A*02:01",
      "HLA-A*24:02",
      "HLA-A*03:01",
      "HLA-A*11:01",
      "HLA-A*01:01",
      "HLA-B*07:02",
      "HLA-B*44:02"
    ],
    "seed": 42,
    "sigma_mult": 0.75,
    "test_rows": 4060,
    "train_rows": 32805,
    "val_rows": 4184
  },
  "epoch_summaries": [
    {
      "epoch": 1,
      "epoch_time_s": 6.63,
      "train_grad_norm_output": 0.043302351912093716,
      "train_loss": 0.052859857100849006,
      "train_loss_mhcflurry": 0.052859857100849006,
      "val_accuracy": 0.80329829454422,
      "val_auprc": 0.7855129837989807,
      "val_auroc": 0.8702996969223022,
      "val_balanced_accuracy": 0.7591500282287598,
      "val_f1": 0.6850363371607723,
      "val_loss": 0.04098228233702043,
      "val_n_samples": 4184,
      "val_pearson": 0.7022072672843933,
      "val_precision": 0.7762358784675598,
      "val_recall": 0.6130136847496033,
      "val_rmse_log10": 1.0444761514663696,
      "val_spearman": 0.6943012475967407
    },
    {
      "epoch": 2,
      "epoch_time_s": 5.31,
      "train_grad_norm_output": 0.04751301315692506,
      "train_loss": 0.036734548650046654,
      "train_loss_mhcflurry": 0.036734548650046654,
      "val_accuracy": 0.8322179913520813,
      "val_auprc": 0.8345026969909668,
      "val_auroc": 0.9076758027076721,
      "val_balanced_accuracy": 0.8091696500778198,
      "val_f1": 0.7529908657890333,
      "val_loss": 0.0317059284185662,
      "val_n_samples": 4184,
      "val_pearson": 0.7720144391059875,
      "val_precision": 0.774240255355835,
      "val_recall": 0.732876718044281,
      "val_rmse_log10": 0.9250612854957581,
      "val_spearman": 0.7581663727760315
    },
    {
      "epoch": 3,
      "epoch_time_s": 5.29,
      "train_grad_norm_output": 0.06633403983920119,
      "train_loss": 0.030625339799611143,
      "train_loss_mhcflurry": 0.030625339799611143,
      "val_accuracy": 0.8475143313407898,
      "val_auprc": 0.8553760647773743,
      "val_auroc": 0.9201317429542542,
      "val_balanced_accuracy": 0.8401454091072083,
      "val_f1": 0.7887417060764969,
      "val_loss": 0.028763858272748834,
      "val_n_samples": 4184,
      "val_pearson": 0.797274649143219,
      "val_precision": 0.7634615302085876,
      "val_recall": 0.8157534003257751,
      "val_rmse_log10": 0.8775917291641235,
      "val_spearman": 0.7780824303627014
    },
    {
      "epoch": 4,
      "epoch_time_s": 5.24,
      "train_grad_norm_output": 0.06139106068095958,
      "train_loss": 0.027045150828915974,
      "train_loss_mhcflurry": 0.027045150828915974,
      "val_accuracy": 0.8458412885665894,
      "val_auprc": 0.8527801036834717,
      "val_auroc": 0.9207825660705566,
      "val_balanced_accuracy": 0.8429922759532928,
      "val_f1": 0.7905163939140233,
      "val_loss": 0.02905415272449746,
      "val_n_samples": 4184,
      "val_pearson": 0.7966427206993103,
      "val_precision": 0.7516985535621643,
      "val_recall": 0.8335616588592529,
      "val_rmse_log10": 0.8848068118095398,
      "val_spearman": 0.7818899750709534
    },
    {
      "epoch": 5,
      "epoch_time_s": 5.28,
      "train_grad_norm_output": 0.056595099772247234,
      "train_loss": 0.02535752238806828,
      "train_loss_mhcflurry": 0.02535752238806828,
      "val_accuracy": 0.8589866161346436,
      "val_auprc": 0.8593176603317261,
      "val_auroc": 0.9263314008712769,
      "val_balanced_accuracy": 0.8518164455890656,
      "val_f1": 0.8038563965041917,
      "val_loss": 0.027603745460510254,
      "val_n_samples": 4184,
      "val_pearson": 0.806359052658081,
      "val_precision": 0.7810077667236328,
      "val_recall": 0.8280822038650513,
      "val_rmse_log10": 0.8638536930084229,
      "val_spearman": 0.7875069975852966
    },
    {
      "epoch": 6,
      "epoch_time_s": 5.63,
      "train_grad_norm_output": 0.05670915982981985,
      "train_loss": 0.024558819772661195,
      "train_loss_mhcflurry": 0.024558819772661195,
      "val_accuracy": 0.8470363020896912,
      "val_auprc": 0.8565621376037598,
      "val_auroc": 0.9191232919692993,
      "val_balanced_accuracy": 0.8189608156681061,
      "val_f1": 0.7681159313750147,
      "val_loss": 0.028360242736251914,
      "val_n_samples": 4184,
      "val_pearson": 0.809417724609375,
      "val_precision": 0.8153846263885498,
      "val_recall": 0.7260273694992065,
      "val_rmse_log10": 0.8854565620422363,
      "val_spearman": 0.7856981158256531
    },
    {
      "epoch": 7,
      "epoch_time_s": 5.18,
      "train_grad_norm_output": 0.06121732503926569,
      "train_loss": 0.02461464220816775,
      "train_loss_mhcflurry": 0.02461464220816775,
      "val_accuracy": 0.8613767027854919,
      "val_auprc": 0.8730008602142334,
      "val_auroc": 0.9306048154830933,
      "val_balanced_accuracy": 0.8422102928161621,
      "val_f1": 0.796776433439475,
      "val_loss": 0.025360820924534518,
      "val_n_samples": 4184,
      "val_pearson": 0.8215434551239014,
      "val_precision": 0.8156384229660034,
      "val_recall": 0.7787671089172363,
      "val_rmse_log10": 0.8293501138687134,
      "val_spearman": 0.7977091073989868
    },
    {
      "epoch": 8,
      "epoch_time_s": 5.19,
      "train_grad_norm_output": 0.06151695458521677,
      "train_loss": 0.023776086422708606,
      "train_loss_mhcflurry": 0.023776086422708606,
      "val_accuracy": 0.8563575744628906,
      "val_auprc": 0.8735133409500122,
      "val_auroc": 0.931510329246521,
      "val_balanced_accuracy": 0.8526577353477478,
      "val_f1": 0.8032733207725178,
      "val_loss": 0.025732052457683226,
      "val_n_samples": 4184,
      "val_pearson": 0.8279187083244324,
      "val_precision": 0.7692790031433105,
      "val_recall": 0.8404109477996826,
      "val_rmse_log10": 0.83149653673172,
      "val_spearman": 0.8022217154502869
    },
    {
      "epoch": 9,
      "epoch_time_s": 5.19,
      "train_grad_norm_output": 0.054204494483018104,
      "train_loss": 0.022644200831536176,
      "train_loss_mhcflurry": 0.022644200831536176,
      "val_accuracy": 0.8594646453857422,
      "val_auprc": 0.8768489360809326,
      "val_auroc": 0.9326445460319519,
      "val_balanced_accuracy": 0.8523424565792084,
      "val_f1": 0.8045212834364754,
      "val_loss": 0.02499441966852721,
      "val_n_samples": 4184,
      "val_pearson": 0.8266310691833496,
      "val_precision": 0.7816537618637085,
      "val_recall": 0.8287671208381653,
      "val_rmse_log10": 0.8204667568206787,
      "val_spearman": 0.8017313480377197
    },
    {
      "epoch": 10,
      "epoch_time_s": 5.21,
      "train_grad_norm_output": 0.05366316992183064,
      "train_loss": 0.02233756202193656,
      "train_loss_mhcflurry": 0.02233756202193656,
      "val_accuracy": 0.8568355441093445,
      "val_auprc": 0.8653449416160583,
      "val_auroc": 0.9240774512290955,
      "val_balanced_accuracy": 0.8379282057285309,
      "val_f1": 0.7907789148319504,
      "val_loss": 0.0262290160445606,
      "val_n_samples": 4184,
      "val_pearson": 0.820476770401001,
      "val_precision": 0.8068425059318542,
      "val_recall": 0.7753424644470215,
      "val_rmse_log10": 0.8457979559898376,
      "val_spearman": 0.7973061800003052
    },
    {
      "epoch": 11,
      "epoch_time_s": 5.21,
      "train_grad_norm_output": 0.058691862797321276,
      "train_loss": 0.0219400908884614,
      "train_loss_mhcflurry": 0.0219400908884614,
      "val_accuracy": 0.8506214022636414,
      "val_auprc": 0.8740255832672119,
      "val_auroc": 0.9279614686965942,
      "val_balanced_accuracy": 0.8503183126449585,
      "val_f1": 0.7987117384220112,
      "val_loss": 0.02815114301355446,