{
  "config": {
    "assay_mode": "additive",
    "batch_size": 256,
    "cond_id": 11,
    "device": "cuda",
    "embed_dim": 256,
    "epochs": 20,
    "head_type": "mhcflurry",
    "label": "c11_mhcflurry_additive_max125k_d256",
    "lr": 0.001,
    "max_nM": 125000,
    "n_bins": 128,
    "n_heads": 4,
    "n_layers": 2,
    "n_params": 1147410,
    "probe_alleles": [
      "HLA-A*02:01",
      "HLA-A*24:02",
      "HLA-A*03:01",
      "HLA-A*11:01",
      "HLA-A*01:01",
      "HLA-B*07:02",
      "HLA-B*44:02"
    ],
    "seed": 42,
    "sigma_mult": 0.75,
    "test_rows": 4060,
    "train_rows": 32805,
    "val_rows": 4184
  },
  "epoch_summaries": [
    {
      "epoch": 1,
      "epoch_time_s": 6.55,
      "train_grad_norm_output": 0.042797600749389146,
      "train_loss": 0.051123351234105205,
      "train_loss_mhcflurry": 0.051123351234105205,
      "val_accuracy": 0.7970841526985168,
      "val_auprc": 0.7793191075325012,
      "val_auroc": 0.8676985502243042,
      "val_balanced_accuracy": 0.7486567795276642,
      "val_f1": 0.6692637224755331,
      "val_loss": 0.03969351333730361,
      "val_n_samples": 4184,
      "val_pearson": 0.7024475336074829,
      "val_precision": 0.7759711146354675,
      "val_recall": 0.5883561372756958,
      "val_rmse_log10": 1.0444177389144897,
      "val_spearman": 0.6957888007164001
    },
    {
      "epoch": 2,
      "epoch_time_s": 5.25,
      "train_grad_norm_output": 0.04525799735976282,
      "train_loss": 0.03556359846635845,
      "train_loss_mhcflurry": 0.03556359846635845,
      "val_accuracy": 0.8260038495063782,
      "val_auprc": 0.8282965421676636,
      "val_auroc": 0.9049365520477295,
      "val_balanced_accuracy": 0.8167923986911774,
      "val_f1": 0.7592592615540239,
      "val_loss": 0.03143872506916523,
      "val_n_samples": 4184,
      "val_pearson": 0.7709562182426453,
      "val_precision": 0.7340153455734253,
      "val_recall": 0.7863013744354248,
      "val_rmse_log10": 0.9343167543411255,
      "val_spearman": 0.7603967785835266
    },
    {
      "epoch": 3,
      "epoch_time_s": 5.24,
      "train_grad_norm_output": 0.06150735201415165,
      "train_loss": 0.02981942066157511,
      "train_loss_mhcflurry": 0.02981942066157511,
      "val_accuracy": 0.8475143313407898,
      "val_auprc": 0.8512676358222961,
      "val_auroc": 0.919856607913971,
      "val_balanced_accuracy": 0.8264789879322052,
      "val_f1": 0.7759831263778385,
      "val_loss": 0.028545373174197534,
      "val_n_samples": 4184,
      "val_pearson": 0.7930938005447388,
      "val_precision": 0.7961094975471497,
      "val_recall": 0.7568492889404297,
      "val_rmse_log10": 0.8914401531219482,
      "val_spearman": 0.7739291787147522
    },
    {
      "epoch": 4,
      "epoch_time_s": 5.2,
      "train_grad_norm_output": 0.05700585894402145,
      "train_loss": 0.02593306811569735,
      "train_loss_mhcflurry": 0.02593306811569735,
      "val_accuracy": 0.8520554304122925,
      "val_auprc": 0.8622787594795227,
      "val_auroc": 0.9254614114761353,
      "val_balanced_accuracy": 0.8498305380344391,
      "val_f1": 0.798960717878412,
      "val_loss": 0.026985428953433737,
      "val_n_samples": 4184,
      "val_pearson": 0.8050037026405334,
      "val_precision": 0.7597282528877258,
      "val_recall": 0.8424657583236694,
      "val_rmse_log10": 0.8681371212005615,
      "val_spearman": 0.788533627986908
    },
    {
      "epoch": 5,
      "epoch_time_s": 5.22,
      "train_grad_norm_output": 0.05288742087030596,
      "train_loss": 0.024576572094892345,
      "train_loss_mhcflurry": 0.024576572094892345,
      "val_accuracy": 0.8592256307601929,
      "val_auprc": 0.8588189482688904,
      "val_auroc": 0.9254927635192871,
      "val_balanced_accuracy": 0.843895435333252,
      "val_f1": 0.7972461206004177,
      "val_loss": 0.027006239192012477,
      "val_n_samples": 4184,
      "val_pearson": 0.8025051355361938,
      "val_precision": 0.8013840913772583,
      "val_recall": 0.7931506633758545,
      "val_rmse_log10": 0.8735605478286743,
      "val_spearman": 0.7818334102630615
    },
    {
      "epoch": 6,
      "epoch_time_s": 5.53,
      "train_grad_norm_output": 0.0545192529815574,
      "train_loss": 0.023547712453576022,
      "train_loss_mhcflurry": 0.023547712453576022,
      "val_accuracy": 0.8556405305862427,
      "val_auprc": 0.8732133507728577,
      "val_auroc": 0.9294155240058899,
      "val_balanced_accuracy": 0.8287470042705536,
      "val_f1": 0.7814761036608742,
      "val_loss": 0.026016303940730935,
      "val_n_samples": 4184,
      "val_pearson": 0.8178611397743225,
      "val_precision": 0.8282208442687988,
      "val_recall": 0.7397260069847107,
      "val_rmse_log10": 0.8702327013015747,
      "val_spearman": 0.7963253259658813
    },
    {
      "epoch": 7,
      "epoch_time_s": 5.2,
      "train_grad_norm_output": 0.05692970221356828,
      "train_loss": 0.023381902439187665,
      "train_loss_mhcflurry": 0.023381902439187665,
      "val_accuracy": 0.8616156578063965,
      "val_auprc": 0.8730819225311279,
      "val_auroc": 0.9308631420135498,
      "val_balanced_accuracy": 0.8444596827030182,
      "val_f1": 0.7988884859249399,
      "val_loss": 0.024530055220512784,
      "val_n_samples": 4184,
      "val_pearson": 0.8188877105712891,
      "val_precision": 0.8104298710823059,
      "val_recall": 0.7876712083816528,
      "val_rmse_log10": 0.835677981376648,
      "val_spearman": 0.7960751056671143
    },
    {
      "epoch": 8,
      "epoch_time_s": 5.22,
      "train_grad_norm_output": 0.05451781126533368,
      "train_loss": 0.02229218423915233,
      "train_loss_mhcflurry": 0.02229218423915233,
      "val_accuracy": 0.8577916026115417,
      "val_auprc": 0.8712124824523926,
      "val_auroc": 0.9292242527008057,
      "val_balanced_accuracy": 0.8563016653060913,
      "val_f1": 0.8068808723202965,
      "val_loss": 0.026076388791860902,
      "val_n_samples": 4184,
      "val_pearson": 0.8204719424247742,
      "val_precision": 0.7668105959892273,
      "val_recall": 0.8513698577880859,
      "val_rmse_log10": 0.8582995533943176,
      "val_spearman": 0.7997673153877258
    },
    {
      "epoch": 9,
      "epoch_time_s": 5.32,
      "train_grad_norm_output": 0.05512192680738693,
      "train_loss": 0.021990635482839836,
      "train_loss_mhcflurry": 0.021990635482839836,
      "val_accuracy": 0.8616156578063965,
      "val_auprc": 0.8732187747955322,
      "val_auroc": 0.9332267045974731,
      "val_balanced_accuracy": 0.8455720841884613,
      "val_f1": 0.7998617308909544,
      "val_loss": 0.023919722174896914,
      "val_n_samples": 4184,
      "val_pearson": 0.8263381719589233,
      "val_precision": 0.8073970675468445,
      "val_recall": 0.7924657464027405,
      "val_rmse_log10": 0.8206168413162231,
      "val_spearman": 0.8019315004348755
    },
    {
      "epoch": 10,
      "epoch_time_s": 5.35,
      "train_grad_norm_output": 0.04798021444747614,
      "train_loss": 0.02127673842243908,
      "train_loss_mhcflurry": 0.02127673842243908,
      "val_accuracy": 0.8678297996520996,
      "val_auprc": 0.8746354579925537,
      "val_auroc": 0.9336991906166077,
      "val_balanced_accuracy": 0.850980132818222,
      "val_f1": 0.8076521767430584,
      "val_loss": 0.024055970832705498,
      "val_n_samples": 4184,
      "val_pearson": 0.8260297775268555,
      "val_precision": 0.8204947113990784,
      "val_recall": 0.7952054738998413,
      "val_rmse_log10": 0.8257887959480286,
      "val_spearman": 0.8025363683700562
    },
    {
      "epoch": 11,
      "epoch_time_s": 5.35,
      "train_grad_norm_output": 0.05810269141613051,
      "train_loss": 0.021437235494223675,
      "train_loss_mhcflurry": 0.021437235494223675,
      "val_accuracy": 0.8594646453857422,
      "val_auprc": 0.8796721696853638,
      "val_auroc": 0.9348059892654419,
      "val_balanced_accuracy": 0.8590167462825775,
      "val_f1": 0.8098318035381451,