{
  "config": {
    "assay_mode": "additive",
    "batch_size": 256,
    "cond_id": 12,
    "device": "cuda",
    "embed_dim": 256,
    "epochs": 20,
    "head_type": "mhcflurry",
    "label": "c12_mhcflurry_additive_max150k_d256",
    "lr": 0.001,
    "max_nM": 150000,
    "n_bins": 128,
    "n_heads": 4,
    "n_layers": 2,
    "n_params": 1147410,
    "probe_alleles": [
      "HLA-A*02:01",
      "HLA-A*24:02",
      "HLA-A*03:01",
      "HLA-A*11:01",
      "HLA-A*01:01",
      "HLA-B*07:02",
      "HLA-B*44:02"
    ],
    "seed": 42,
    "sigma_mult": 0.75,
    "test_rows": 4060,
    "train_rows": 32805,
    "val_rows": 4184
  },
  "epoch_summaries": [
    {
      "epoch": 1,
      "epoch_time_s": 5.95,
      "train_grad_norm_output": 0.04143736957637376,
      "train_loss": 0.04966976248132166,
      "train_loss_mhcflurry": 0.04966976248132166,
      "val_accuracy": 0.8021032214164734,
      "val_auprc": 0.7815346717834473,
      "val_auroc": 0.8685265779495239,
      "val_balanced_accuracy": 0.7685615420341492,
      "val_f1": 0.6986899465717338,
      "val_loss": 0.03750771722372841,
      "val_n_samples": 4184,
      "val_pearson": 0.7061948776245117,
      "val_precision": 0.7453415989875793,
      "val_recall": 0.6575342416763306,
      "val_rmse_log10": 1.0283631086349487,
      "val_spearman": 0.6970888376235962
    },
    {
      "epoch": 2,
      "epoch_time_s": 4.93,
      "train_grad_norm_output": 0.049968963864353275,
      "train_loss": 0.03456151934499426,
      "train_loss_mhcflurry": 0.03456151934499426,
      "val_accuracy": 0.8389101624488831,
      "val_auprc": 0.8462450504302979,
      "val_auroc": 0.9090765714645386,
      "val_balanced_accuracy": 0.8138324022293091,
      "val_f1": 0.7599714952787456,
      "val_loss": 0.029151721912271836,
      "val_n_samples": 4184,
      "val_pearson": 0.777340292930603,
      "val_precision": 0.7915430068969727,
      "val_recall": 0.7308219075202942,
      "val_rmse_log10": 0.9200306534767151,
      "val_spearman": 0.761454701423645
    },
    {
      "epoch": 3,
      "epoch_time_s": 4.91,
      "train_grad_norm_output": 0.06062806465540283,
      "train_loss": 0.028706814646143324,
      "train_loss_mhcflurry": 0.028706814646143324,
      "val_accuracy": 0.8542065024375916,
      "val_auprc": 0.8623895645141602,
      "val_auroc": 0.9250301718711853,
      "val_balanced_accuracy": 0.8359091281890869,
      "val_f1": 0.787752265022599,
      "val_loss": 0.02632721568293431,
      "val_n_samples": 4184,
      "val_pearson": 0.8040823340415955,
      "val_precision": 0.800565779209137,
      "val_recall": 0.7753424644470215,
      "val_rmse_log10": 0.8734744787216187,
      "val_spearman": 0.7851349711418152
    },
    {
      "epoch": 4,
      "epoch_time_s": 4.91,
      "train_grad_norm_output": 0.051443963665370795,
      "train_loss": 0.025171725671420727,
      "train_loss_mhcflurry": 0.025171725671420727,
      "val_accuracy": 0.8496654033660889,
      "val_auprc": 0.8603437542915344,
      "val_auroc": 0.9245610237121582,
      "val_balanced_accuracy": 0.8392548263072968,
      "val_f1": 0.7888553198639134,
      "val_loss": 0.025389359716106865,
      "val_n_samples": 4184,
      "val_pearson": 0.8070017099380493,
      "val_precision": 0.7735351920127869,
      "val_recall": 0.8047945499420166,
      "val_rmse_log10": 0.8594980835914612,
      "val_spearman": 0.7908086180686951
    },
    {
      "epoch": 5,
      "epoch_time_s": 4.93,
      "train_grad_norm_output": 0.05278891547359237,
      "train_loss": 0.024027870693641117,
      "train_loss_mhcflurry": 0.024027870693641117,
      "val_accuracy": 0.8577916026115417,
      "val_auprc": 0.8707930445671082,
      "val_auroc": 0.9295387864112854,
      "val_balanced_accuracy": 0.8572551608085632,
      "val_f1": 0.8076301397100202,
      "val_loss": 0.025750204646850332,
      "val_n_samples": 4184,
      "val_pearson": 0.8120173811912537,
      "val_precision": 0.7648499608039856,
      "val_recall": 0.8554794788360596,
      "val_rmse_log10": 0.8589541912078857,
      "val_spearman": 0.7905405163764954
    },
    {
      "epoch": 6,
      "epoch_time_s": 5.25,
      "train_grad_norm_output": 0.056738786702585774,
      "train_loss": 0.023006013414078905,
      "train_loss_mhcflurry": 0.023006013414078905,
      "val_accuracy": 0.8525334596633911,
      "val_auprc": 0.8620719909667969,
      "val_auroc": 0.9247678518295288,
      "val_balanced_accuracy": 0.8316048979759216,
      "val_f1": 0.7829757287690206,
      "val_loss": 0.02518353523576961,
      "val_n_samples": 4184,
      "val_pearson": 0.8148897886276245,
      "val_precision": 0.8047722578048706,
      "val_recall": 0.7623287439346313,
      "val_rmse_log10": 0.8614807724952698,
      "val_spearman": 0.7921149134635925
    },
    {
      "epoch": 7,
      "epoch_time_s": 4.93,
      "train_grad_norm_output": 0.057987190306533216,
      "train_loss": 0.02280341055561868,
      "train_loss_mhcflurry": 0.02280341055561868,
      "val_accuracy": 0.8628107309341431,
      "val_auprc": 0.8718438744544983,
      "val_auroc": 0.9332523941993713,
      "val_balanced_accuracy": 0.8455363810062408,
      "val_f1": 0.8004172522090257,
      "val_loss": 0.023910930435008863,
      "val_n_samples": 4184,
      "val_pearson": 0.8189117312431335,
      "val_precision": 0.8128530979156494,
      "val_recall": 0.7883561849594116,
      "val_rmse_log10": 0.841395378112793,
      "val_spearman": 0.7974337935447693
    },
    {
      "epoch": 8,
      "epoch_time_s": 4.92,
      "train_grad_norm_output": 0.05531339636144712,
      "train_loss": 0.021871427666078243,
      "train_loss_mhcflurry": 0.021871427666078243,
      "val_accuracy": 0.8563575744628906,
      "val_auprc": 0.8657097220420837,
      "val_auroc": 0.9285155534744263,
      "val_balanced_accuracy": 0.8517042994499207,
      "val_f1": 0.8024975458754361,
      "val_loss": 0.024728118770701045,
      "val_n_samples": 4184,
      "val_pearson": 0.8193175792694092,
      "val_precision": 0.7713202834129333,
      "val_recall": 0.8363013863563538,
      "val_rmse_log10": 0.8474935293197632,
      "val_spearman": 0.7973120808601379
    },
    {
      "epoch": 9,
      "epoch_time_s": 4.94,
      "train_grad_norm_output": 0.04770258886291999,
      "train_loss": 0.02125634195268616,
      "train_loss_mhcflurry": 0.02125634195268616,
      "val_accuracy": 0.8678297996520996,
      "val_auprc": 0.8773187398910522,
      "val_auroc": 0.932913601398468,
      "val_balanced_accuracy": 0.855111837387085,
      "val_f1": 0.8110693499197253,
      "val_loss": 0.023157875437070343,
      "val_n_samples": 4184,
      "val_pearson": 0.8262877464294434,
      "val_precision": 0.809134304523468,
      "val_recall": 0.8130136728286743,
      "val_rmse_log10": 0.8211920857429504,
      "val_spearman": 0.802725076675415
    },
    {
      "epoch": 10,
      "epoch_time_s": 4.93,
      "train_grad_norm_output": 0.048132724987790566,
      "train_loss": 0.02078507577841596,
      "train_loss_mhcflurry": 0.02078507577841596,
      "val_accuracy": 0.8625717163085938,
      "val_auprc": 0.8713181614875793,
      "val_auroc": 0.9300901889801025,
      "val_balanced_accuracy": 0.8456706404685974,
      "val_f1": 0.8004165134343866,
      "val_loss": 0.02360299289883936,
      "val_n_samples": 4184,
      "val_pearson": 0.8248968124389648,
      "val_precision": 0.8114004135131836,
      "val_recall": 0.7897260189056396,
      "val_rmse_log10": 0.8325430154800415,
      "val_spearman": 0.8001232147216797
    },
    {
      "epoch": 11,
      "epoch_time_s": 4.94,
      "train_grad_norm_output": 0.05835045505921508,
      "train_loss": 0.02090975041537322,
      "train_loss_mhcflurry": 0.02090975041537322,
      "val_accuracy": 0.8508604168891907,
      "val_auprc": 0.8696029186248779,
      "val_auroc": 0.9283259510993958,
      "val_balanced_accuracy": 0.8516142666339874,
      "val_f1": 0.7998717002549222,