{
  "config": {
    "assay_mode": "additive",
    "batch_size": 256,
    "cond_id": 13,
    "device": "cuda",
    "embed_dim": 384,
    "epochs": 20,
    "head_type": "mhcflurry",
    "label": "c13_mhcflurry_additive_max25k_d384",
    "lr": 0.001,
    "max_nM": 25000,
    "n_bins": 128,
    "n_heads": 4,
    "n_layers": 2,
    "n_params": 2530962,
    "probe_alleles": [
      "HLA-A*02:01",
      "HLA-A*24:02",
      "HLA-A*03:01",
      "HLA-A*11:01",
      "HLA-A*01:01",
      "HLA-B*07:02",
      "HLA-B*44:02"
    ],
    "seed": 42,
    "sigma_mult": 0.75,
    "test_rows": 4060,
    "train_rows": 32805,
    "val_rows": 4184
  },
  "epoch_summaries": [
    {
      "epoch": 1,
      "epoch_time_s": 8.24,
      "train_grad_norm_output": 0.0725015792562518,
      "train_loss": 0.0666002203212228,
      "train_loss_mhcflurry": 0.0666002203212228,
      "val_accuracy": 0.8076003789901733,
      "val_auprc": 0.7699816226959229,
      "val_auroc": 0.8670045733451843,
      "val_balanced_accuracy": 0.7732600271701813,
      "val_f1": 0.7052361804026449,
      "val_loss": 0.0489726912449388,
      "val_n_samples": 4184,
      "val_pearson": 0.6888352632522583,
      "val_precision": 0.7576711177825928,
      "val_recall": 0.6595890522003174,
      "val_rmse_log10": 1.0585328340530396,
      "val_spearman": 0.6733811497688293
    },
    {
      "epoch": 2,
      "epoch_time_s": 7.05,
      "train_grad_norm_output": 0.06551972733334054,
      "train_loss": 0.04631973648544892,
      "train_loss_mhcflurry": 0.04631973648544892,
      "val_accuracy": 0.8310229182243347,
      "val_auprc": 0.8251912593841553,
      "val_auroc": 0.9006462097167969,
      "val_balanced_accuracy": 0.8131781220436096,
      "val_f1": 0.7569611315184833,
      "val_loss": 0.03846881620805053,
      "val_n_samples": 4184,
      "val_pearson": 0.7657828330993652,
      "val_precision": 0.759834349155426,
      "val_recall": 0.7541095614433289,
      "val_rmse_log10": 0.9368933439254761,
      "val_spearman": 0.7520278692245483
    },
    {
      "epoch": 3,
      "epoch_time_s": 7.34,
      "train_grad_norm_output": 0.07725962114253247,
      "train_loss": 0.03931007114809382,
      "train_loss_mhcflurry": 0.03931007114809382,
      "val_accuracy": 0.846319317817688,
      "val_auprc": 0.8408260345458984,
      "val_auroc": 0.9154235124588013,
      "val_balanced_accuracy": 0.8203171193599701,
      "val_f1": 0.7692859672920385,
      "val_loss": 0.03470434051226167,
      "val_n_samples": 4184,
      "val_pearson": 0.7899847030639648,
      "val_precision": 0.8078372478485107,
      "val_recall": 0.734246551990509,
      "val_rmse_log10": 0.8907792568206787,
      "val_spearman": 0.7715027928352356
    },
    {
      "epoch": 4,
      "epoch_time_s": 7.49,
      "train_grad_norm_output": 0.08402674084948014,
      "train_loss": 0.035049406696082086,
      "train_loss_mhcflurry": 0.035049406696082086,
      "val_accuracy": 0.8283938765525818,
      "val_auprc": 0.822306752204895,
      "val_auroc": 0.9030449390411377,
      "val_balanced_accuracy": 0.8003530204296112,
      "val_f1": 0.7420977176373661,
      "val_loss": 0.03736150955014369,
      "val_n_samples": 4184,
      "val_pearson": 0.7719858884811401,
      "val_precision": 0.7802115082740784,
      "val_recall": 0.7075342535972595,
      "val_rmse_log10": 0.9220412373542786,
      "val_spearman": 0.7571302652359009
    },
    {
      "epoch": 5,
      "epoch_time_s": 7.11,
      "train_grad_norm_output": 0.08284752990675065,
      "train_loss": 0.033163756088808526,
      "train_loss_mhcflurry": 0.033163756088808526,
      "val_accuracy": 0.8506214022636414,
      "val_auprc": 0.8606253862380981,
      "val_auroc": 0.9248028993606567,
      "val_balanced_accuracy": 0.8453920483589172,
      "val_f1": 0.7946105712083159,
      "val_loss": 0.03139959034674308,
      "val_n_samples": 4184,
      "val_pearson": 0.8120790123939514,
      "val_precision": 0.7637397050857544,
      "val_recall": 0.8280822038650513,
      "val_rmse_log10": 0.8596432209014893,
      "val_spearman": 0.7881712317466736
    },
    {
      "epoch": 6,
      "epoch_time_s": 7.13,
      "train_grad_norm_output": 0.0889965969809266,
      "train_loss": 0.032106336307271506,
      "train_loss_mhcflurry": 0.032106336307271506,
      "val_accuracy": 0.8561185598373413,
      "val_auprc": 0.8654838800430298,
      "val_auroc": 0.9275935292243958,
      "val_balanced_accuracy": 0.8335636556148529,
      "val_f1": 0.786373311785208,
      "val_loss": 0.03130485117435455,
      "val_n_samples": 4184,
      "val_pearson": 0.8140060305595398,
      "val_precision": 0.815905749797821,
      "val_recall": 0.7589040994644165,
      "val_rmse_log10": 0.8478957414627075,
      "val_spearman": 0.7882847189903259
    },
    {
      "epoch": 7,
      "epoch_time_s": 7.08,
      "train_grad_norm_output": 0.08661103052224299,
      "train_loss": 0.03116517707474472,
      "train_loss_mhcflurry": 0.03116517707474472,
      "val_accuracy": 0.8575525879859924,
      "val_auprc": 0.8631842136383057,
      "val_auroc": 0.928405225276947,
      "val_balanced_accuracy": 0.8556413650512695,
      "val_f1": 0.8062418519207117,
      "val_loss": 0.030975449282456848,
      "val_n_samples": 4184,
      "val_pearson": 0.8213969469070435,
      "val_precision": 0.7673267126083374,
      "val_recall": 0.8493150472640991,
      "val_rmse_log10": 0.8461799025535583,
      "val_spearman": 0.795527458190918
    },
    {
      "epoch": 8,
      "epoch_time_s": 7.57,
      "train_grad_norm_output": 0.08807670856400053,
      "train_loss": 0.030492013681304546,
      "train_loss_mhcflurry": 0.030492013681304546,
      "val_accuracy": 0.8618546724319458,
      "val_auprc": 0.8723905086517334,
      "val_auroc": 0.9315329194068909,
      "val_balanced_accuracy": 0.853224515914917,
      "val_f1": 0.8064300341466898,
      "val_loss": 0.029884255710331833,
      "val_n_samples": 4184,
      "val_pearson": 0.8210945129394531,
      "val_precision": 0.78899085521698,
      "val_recall": 0.8246575593948364,
      "val_rmse_log10": 0.8317632675170898,
      "val_spearman": 0.7959887385368347
    },
    {
      "epoch": 9,
      "epoch_time_s": 7.61,
      "train_grad_norm_output": 0.09270102559596069,
      "train_loss": 0.03038717748582825,
      "train_loss_mhcflurry": 0.03038717748582825,
      "val_accuracy": 0.8460803031921387,
      "val_auprc": 0.8610314130783081,
      "val_auroc": 0.9232758283615112,
      "val_balanced_accuracy": 0.8388851881027222,
      "val_f1": 0.7870370310827881,
      "val_loss": 0.03407213442465838,
      "val_n_samples": 4184,
      "val_pearson": 0.8101471066474915,
      "val_precision": 0.760869562625885,
      "val_recall": 0.8150684833526611,
      "val_rmse_log10": 0.8819028735160828,
      "val_spearman": 0.7820975184440613
    },
    {
      "epoch": 10,
      "epoch_time_s": 8.39,
      "train_grad_norm_output": 0.08472427722904109,
      "train_loss": 0.02950267173176588,
      "train_loss_mhcflurry": 0.02950267173176588,
      "val_accuracy": 0.8623327016830444,
      "val_auprc": 0.8722143173217773,
      "val_auroc": 0.9340716004371643,
      "val_balanced_accuracy": 0.8558163940906525,
      "val_f1": 0.8087649297014882,
      "val_loss": 0.02918089389362756,
      "val_n_samples": 4184,
      "val_pearson": 0.8266902565956116,
      "val_precision": 0.7847937941551208,
      "val_recall": 0.8342465758323669,
      "val_rmse_log10": 0.8244003057479858,
      "val_spearman": 0.7983266711235046
    },
    {
      "epoch": 11,
      "epoch_time_s": 8.0,
      "train_grad_norm_output": 0.09160330646144327,
      "train_loss": 0.02962582253728264,
      "train_loss_mhcflurry": 0.02962582253728264,
      "val_accuracy": 0.8625717163085938,
      "val_auprc": 0.8655591607093811,
      "val_auroc": 0.9309390187263489,
      "val_balanced_accuracy": 0.837248295545578,
      "val_f1": 0.7927927834228516,
      "val_loss": 0.030458008486996677,