{
  "config": {
    "assay_mode": "additive",
    "batch_size": 256,
    "cond_id": 14,
    "device": "cuda",
    "embed_dim": 384,
    "epochs": 20,
    "head_type": "mhcflurry",
    "label": "c14_mhcflurry_additive_max50k_d384",
    "lr": 0.001,
    "max_nM": 50000,
    "n_bins": 128,
    "n_heads": 4,
    "n_layers": 2,
    "n_params": 2530962,
    "probe_alleles": [
      "HLA-A*02:01",
      "HLA-A*24:02",
      "HLA-A*03:01",
      "HLA-A*11:01",
      "HLA-A*01:01",
      "HLA-B*07:02",
      "HLA-B*44:02"
    ],
    "seed": 42,
    "sigma_mult": 0.75,
    "test_rows": 4060,
    "train_rows": 32805,
    "val_rows": 4184
  },
  "epoch_summaries": [
    {
      "epoch": 1,
      "epoch_time_s": 7.9,
      "train_grad_norm_output": 0.0692644224812587,
      "train_loss": 0.06209154866000478,
      "train_loss_mhcflurry": 0.06209154866000478,
      "val_accuracy": 0.8059273362159729,
      "val_auprc": 0.7835768461227417,
      "val_auroc": 0.8739834427833557,
      "val_balanced_accuracy": 0.7727696895599365,
      "val_f1": 0.7045123825892726,
      "val_loss": 0.04358366581008715,
      "val_n_samples": 4184,
      "val_pearson": 0.7053471207618713,
      "val_precision": 0.7515528202056885,
      "val_recall": 0.6630136966705322,
      "val_rmse_log10": 1.0291755199432373,
      "val_spearman": 0.6906171441078186
    },
    {
      "epoch": 2,
      "epoch_time_s": 6.88,
      "train_grad_norm_output": 0.06664374993406524,
      "train_loss": 0.041484299671742345,
      "train_loss_mhcflurry": 0.041484299671742345,
      "val_accuracy": 0.8257648348808289,
      "val_auprc": 0.8168289065361023,
      "val_auroc": 0.8958944082260132,
      "val_balanced_accuracy": 0.8137484192848206,
      "val_f1": 0.7561057423846603,
      "val_loss": 0.03651876687346136,
      "val_n_samples": 4184,
      "val_pearson": 0.7627618908882141,
      "val_precision": 0.7390451431274414,
      "val_recall": 0.7739726305007935,
      "val_rmse_log10": 0.9432104825973511,
      "val_spearman": 0.7529807090759277
    },
    {
      "epoch": 3,
      "epoch_time_s": 6.86,
      "train_grad_norm_output": 0.07133349702628546,
      "train_loss": 0.03467070898979671,
      "train_loss_mhcflurry": 0.03467070898979671,
      "val_accuracy": 0.8506214022636414,
      "val_auprc": 0.8533838987350464,
      "val_auroc": 0.9212116599082947,
      "val_balanced_accuracy": 0.8325201570987701,
      "val_f1": 0.7830614214114399,
      "val_loss": 0.030565799761782673,
      "val_n_samples": 4184,
      "val_pearson": 0.8021509051322937,
      "val_precision": 0.7938071489334106,
      "val_recall": 0.7726027369499207,
      "val_rmse_log10": 0.8654649257659912,
      "val_spearman": 0.7839318513870239
    },
    {
      "epoch": 4,
      "epoch_time_s": 6.86,
      "train_grad_norm_output": 0.08234298211890598,
      "train_loss": 0.031321004018649574,
      "train_loss_mhcflurry": 0.031321004018649574,
      "val_accuracy": 0.8446462750434875,
      "val_auprc": 0.8482272028923035,
      "val_auroc": 0.91740483045578,
      "val_balanced_accuracy": 0.8314273953437805,
      "val_f1": 0.779661005357667,
      "val_loss": 0.03006600248901283,
      "val_n_samples": 4184,
      "val_pearson": 0.8044409155845642,
      "val_precision": 0.7718120813369751,
      "val_recall": 0.7876712083816528,
      "val_rmse_log10": 0.861506998538971,
      "val_spearman": 0.7872408032417297
    },
    {
      "epoch": 5,
      "epoch_time_s": 6.84,
      "train_grad_norm_output": 0.07673389841477539,
      "train_loss": 0.029514563118302545,
      "train_loss_mhcflurry": 0.029514563118302545,
      "val_accuracy": 0.8534894585609436,
      "val_auprc": 0.8523688316345215,
      "val_auroc": 0.9265422821044922,
      "val_balanced_accuracy": 0.8466412127017975,
      "val_f1": 0.7969526101175679,
      "val_loss": 0.028945333160021725,
      "val_n_samples": 4184,
      "val_pearson": 0.8107231259346008,
      "val_precision": 0.7716484665870667,
      "val_recall": 0.8239725828170776,
      "val_rmse_log10": 0.8488165140151978,
      "val_spearman": 0.7935426235198975
    },
    {
      "epoch": 6,
      "epoch_time_s": 7.16,
      "train_grad_norm_output": 0.07915472606009291,
      "train_loss": 0.029070816876352296,
      "train_loss_mhcflurry": 0.029070816876352296,
      "val_accuracy": 0.8467973470687866,
      "val_auprc": 0.85114586353302,
      "val_auroc": 0.9216321110725403,
      "val_balanced_accuracy": 0.8187772631645203,
      "val_f1": 0.7678377266416163,
      "val_loss": 0.030441691112868926,
      "val_n_samples": 4184,
      "val_pearson": 0.8072577118873596,
      "val_precision": 0.8147578835487366,
      "val_recall": 0.7260273694992065,
      "val_rmse_log10": 0.8647164702415466,
      "val_spearman": 0.787467360496521
    },
    {
      "epoch": 7,
      "epoch_time_s": 6.89,
      "train_grad_norm_output": 0.08657064979044042,
      "train_loss": 0.028594968551697658,
      "train_loss_mhcflurry": 0.028594968551697658,
      "val_accuracy": 0.850382387638092,
      "val_auprc": 0.8631666302680969,
      "val_auroc": 0.9276081323623657,
      "val_balanced_accuracy": 0.8498169481754303,
      "val_f1": 0.798194714201432,
      "val_loss": 0.03089649197371567,
      "val_n_samples": 4184,
      "val_pearson": 0.8160511255264282,
      "val_precision": 0.7539585828781128,
      "val_recall": 0.8479452133178711,
      "val_rmse_log10": 0.8625285625457764,
      "val_spearman": 0.7955468893051147
    },
    {
      "epoch": 8,
      "epoch_time_s": 6.89,
      "train_grad_norm_output": 0.08164218250055645,
      "train_loss": 0.028263354847250982,
      "train_loss_mhcflurry": 0.028263354847250982,
      "val_accuracy": 0.8475143313407898,
      "val_auprc": 0.8562785983085632,
      "val_auroc": 0.9252173900604248,
      "val_balanced_accuracy": 0.8439593315124512,
      "val_f1": 0.7920469183355394,
      "val_loss": 0.02995721815044389,
      "val_n_samples": 4184,
      "val_pearson": 0.8123767971992493,
      "val_precision": 0.7555969953536987,
      "val_recall": 0.8321917653083801,
      "val_rmse_log10": 0.8528339862823486,
      "val_spearman": 0.7901981472969055
    },
    {
      "epoch": 9,
      "epoch_time_s": 6.85,
      "train_grad_norm_output": 0.0888360541227252,
      "train_loss": 0.027806898030315257,
      "train_loss_mhcflurry": 0.027806898030315257,
      "val_accuracy": 0.8570745587348938,
      "val_auprc": 0.8615522980690002,
      "val_auroc": 0.9285865426063538,
      "val_balanced_accuracy": 0.8498712480068207,
      "val_f1": 0.801328887615881,
      "val_loss": 0.029671323156970388,
      "val_n_samples": 4184,
      "val_pearson": 0.8166540861129761,
      "val_precision": 0.778064489364624,
      "val_recall": 0.8260273933410645,
      "val_rmse_log10": 0.8490571975708008,
      "val_spearman": 0.7940652966499329
    },
    {
      "epoch": 10,
      "epoch_time_s": 6.88,
      "train_grad_norm_output": 0.08612621901917827,
      "train_loss": 0.0279349000301472,
      "train_loss_mhcflurry": 0.0279349000301472,
      "val_accuracy": 0.864722728729248,
      "val_auprc": 0.8705767393112183,
      "val_auroc": 0.9308806657791138,
      "val_balanced_accuracy": 0.846210241317749,
      "val_f1": 0.8019594041333838,
      "val_loss": 0.028033806065864423,
      "val_n_samples": 4184,
      "val_pearson": 0.8194422125816345,
      "val_precision": 0.8197425007820129,
      "val_recall": 0.784931480884552,
      "val_rmse_log10": 0.8324605822563171,
      "val_spearman": 0.7955992221832275
    },
    {
      "epoch": 11,
      "epoch_time_s": 6.87,
      "train_grad_norm_output": 0.08950689830636793,
      "train_loss": 0.0273858654320009,
      "train_loss_mhcflurry": 0.0273858654320009,
      "val_accuracy": 0.8585085868835449,
      "val_auprc": 0.8695070743560791,
      "val_auroc": 0.9290673732757568,
      "val_balanced_accuracy": 0.8382596373558044,
      "val_f1": 0.791842477984749,
      "val_loss": 0.028697448399137047,