{
  "config": {
    "assay_mode": "additive",
    "batch_size": 256,
    "cond_id": 15,
    "device": "cuda",
    "embed_dim": 384,
    "epochs": 20,
    "head_type": "mhcflurry",
    "label": "c15_mhcflurry_additive_max75k_d384",
    "lr": 0.001,
    "max_nM": 75000,
    "n_bins": 128,
    "n_heads": 4,
    "n_layers": 2,
    "n_params": 2530962,
    "probe_alleles": [
      "HLA-A*02:01",
      "HLA-A*24:02",
      "HLA-A*03:01",
      "HLA-A*11:01",
      "HLA-A*01:01",
      "HLA-B*07:02",
      "HLA-B*44:02"
    ],
    "seed": 42,
    "sigma_mult": 0.75,
    "test_rows": 4060,
    "train_rows": 32805,
    "val_rows": 4184
  },
  "epoch_summaries": [
    {
      "epoch": 1,
      "epoch_time_s": 8.86,
      "train_grad_norm_output": 0.06987720772681773,
      "train_loss": 0.05881496287824572,
      "train_loss_mhcflurry": 0.05881496287824572,
      "val_accuracy": 0.8042542934417725,
      "val_auprc": 0.7901813983917236,
      "val_auroc": 0.8760018944740295,
      "val_balanced_accuracy": 0.7697367668151855,
      "val_f1": 0.7003292870338559,
      "val_loss": 0.039676833623910654,
      "val_n_samples": 4184,
      "val_pearson": 0.722811758518219,
      "val_precision": 0.7517674565315247,
      "val_recall": 0.6554794311523438,
      "val_rmse_log10": 1.003908634185791,
      "val_spearman": 0.7100065350532532
    },
    {
      "epoch": 2,
      "epoch_time_s": 7.49,
      "train_grad_norm_output": 0.06341023367735767,
      "train_loss": 0.03867083013981812,
      "train_loss_mhcflurry": 0.03867083013981812,
      "val_accuracy": 0.8111854791641235,
      "val_auprc": 0.8117611408233643,
      "val_auroc": 0.8930985927581787,
      "val_balanced_accuracy": 0.803822934627533,
      "val_f1": 0.7423352746466118,
      "val_loss": 0.03719709156190648,
      "val_n_samples": 4184,
      "val_pearson": 0.7616125345230103,
      "val_precision": 0.7085927724838257,
      "val_recall": 0.7794520258903503,
      "val_rmse_log10": 0.9711415767669678,
      "val_spearman": 0.7530789375305176
    },
    {
      "epoch": 3,
      "epoch_time_s": 7.59,
      "train_grad_norm_output": 0.07172472350472628,
      "train_loss": 0.03075979923641728,
      "train_loss_mhcflurry": 0.03075979923641728,
      "val_accuracy": 0.8501434326171875,
      "val_auprc": 0.853907585144043,
      "val_auroc": 0.9211779832839966,
      "val_balanced_accuracy": 0.8380328118801117,
      "val_f1": 0.787960761081193,
      "val_loss": 0.028259994407348773,
      "val_n_samples": 4184,
      "val_pearson": 0.807866632938385,
      "val_precision": 0.7782230973243713,
      "val_recall": 0.7979452013969421,
      "val_rmse_log10": 0.8558230996131897,
      "val_spearman": 0.7857980132102966
    },
    {
      "epoch": 4,
      "epoch_time_s": 7.4,
      "train_grad_norm_output": 0.07197309551081917,
      "train_loss": 0.028388667952760245,
      "train_loss_mhcflurry": 0.028388667952760245,
      "val_accuracy": 0.8401051759719849,
      "val_auprc": 0.8390146493911743,
      "val_auroc": 0.9136722087860107,
      "val_balanced_accuracy": 0.8204710185527802,
      "val_f1": 0.7673043551991251,
      "val_loss": 0.03051077273181256,
      "val_n_samples": 4184,
      "val_pearson": 0.7984334826469421,
      "val_precision": 0.7795053124427795,
      "val_recall": 0.7554794549942017,
      "val_rmse_log10": 0.890024721622467,
      "val_spearman": 0.7796570658683777
    },
    {
      "epoch": 5,
      "epoch_time_s": 7.42,
      "train_grad_norm_output": 0.07474399745002273,
      "train_loss": 0.02807697223484978,
      "train_loss_mhcflurry": 0.02807697223484978,
      "val_accuracy": 0.8532505035400391,
      "val_auprc": 0.8648000955581665,
      "val_auroc": 0.9284894466400146,
      "val_balanced_accuracy": 0.83024862408638,
      "val_f1": 0.7819602244219941,
      "val_loss": 0.027645427843227106,
      "val_n_samples": 4184,
      "val_pearson": 0.8168167471885681,
      "val_precision": 0.8119469285011292,
      "val_recall": 0.7541095614433289,
      "val_rmse_log10": 0.8513189554214478,
      "val_spearman": 0.7953961491584778
    },
    {
      "epoch": 6,
      "epoch_time_s": 7.88,
      "train_grad_norm_output": 0.07697477209013562,
      "train_loss": 0.027133304856775342,
      "train_loss_mhcflurry": 0.027133304856775342,
      "val_accuracy": 0.8527724742889404,
      "val_auprc": 0.862252950668335,
      "val_auroc": 0.9286270141601562,
      "val_balanced_accuracy": 0.8244785070419312,
      "val_f1": 0.776000005140383,
      "val_loss": 0.02806823267875349,
      "val_n_samples": 4184,
      "val_pearson": 0.8186450600624084,
      "val_precision": 0.8271318078041077,
      "val_recall": 0.7308219075202942,
      "val_rmse_log10": 0.8547907471656799,
      "val_spearman": 0.7983635663986206
    },
    {
      "epoch": 7,
      "epoch_time_s": 7.47,
      "train_grad_norm_output": 0.07623120102771493,
      "train_loss": 0.02631810843193716,
      "train_loss_mhcflurry": 0.02631810843193716,
      "val_accuracy": 0.8355640769004822,
      "val_auprc": 0.8616396188735962,
      "val_auroc": 0.9253660440444946,
      "val_balanced_accuracy": 0.8470178842544556,
      "val_f1": 0.7897310358110345,
      "val_loss": 0.03318061515250627,
      "val_n_samples": 4184,
      "val_pearson": 0.8110277652740479,
      "val_precision": 0.7130242586135864,
      "val_recall": 0.8849315047264099,
      "val_rmse_log10": 0.9146630764007568,
      "val_spearman": 0.794600248336792
    },
    {
      "epoch": 8,
      "epoch_time_s": 7.41,
      "train_grad_norm_output": 0.07161205749987631,
      "train_loss": 0.025843713678015294,
      "train_loss_mhcflurry": 0.025843713678015294,
      "val_accuracy": 0.8525334596633911,
      "val_auprc": 0.8646348714828491,
      "val_auroc": 0.9296147227287292,
      "val_balanced_accuracy": 0.8435233235359192,
      "val_f1": 0.7938523438627844,
      "val_loss": 0.02750531052622725,
      "val_n_samples": 4184,
      "val_pearson": 0.8136226534843445,
      "val_precision": 0.7749511003494263,
      "val_recall": 0.8136986494064331,
      "val_rmse_log10": 0.850585401058197,
      "val_spearman": 0.7921000719070435
    },
    {
      "epoch": 9,
      "epoch_time_s": 7.4,
      "train_grad_norm_output": 0.07385564661880796,
      "train_loss": 0.02520672500480053,
      "train_loss_mhcflurry": 0.02520672500480053,
      "val_accuracy": 0.8544455170631409,
      "val_auprc": 0.8686844110488892,
      "val_auroc": 0.9296948909759521,
      "val_balanced_accuracy": 0.8540497720241547,
      "val_f1": 0.8034850077588006,
      "val_loss": 0.02885828824604259,
      "val_n_samples": 4184,
      "val_pearson": 0.8195286989212036,
      "val_precision": 0.7596095204353333,
      "val_recall": 0.8527397513389587,
      "val_rmse_log10": 0.8588845729827881,
      "val_spearman": 0.8006716370582581
    },
    {
      "epoch": 10,
      "epoch_time_s": 7.37,
      "train_grad_norm_output": 0.0808486238468525,
      "train_loss": 0.02543409095080786,
      "train_loss_mhcflurry": 0.02543409095080786,
      "val_accuracy": 0.8671128153800964,
      "val_auprc": 0.8791599273681641,
      "val_auroc": 0.9345988035202026,
      "val_balanced_accuracy": 0.8547201156616211,
      "val_f1": 0.8103683444354834,
      "val_loss": 0.025722486350466225,
      "val_n_samples": 4184,
      "val_pearson": 0.8272464275360107,
      "val_precision": 0.8070651888847351,
      "val_recall": 0.8136986494064331,
      "val_rmse_log10": 0.8193733096122742,
      "val_spearman": 0.8068747520446777
    },
    {
      "epoch": 11,
      "epoch_time_s": 7.44,
      "train_grad_norm_output": 0.07802964172275491,
      "train_loss": 0.02508175812026327,
      "train_loss_mhcflurry": 0.02508175812026327,
      "val_accuracy": 0.8690248727798462,
      "val_auprc": 0.8835427761077881,
      "val_auroc": 0.9378439784049988,
      "val_balanced_accuracy": 0.8534870147705078,
      "val_f1": 0.810380625130465,
      "val_loss": 0.02466450379613568,