{
  "config": {
    "assay_mode": "additive",
    "batch_size": 256,
    "cond_id": 16,
    "device": "cuda",
    "embed_dim": 384,
    "epochs": 20,
    "head_type": "mhcflurry",
    "label": "c16_mhcflurry_additive_max100k_d384",
    "lr": 0.001,
    "max_nM": 100000,
    "n_bins": 128,
    "n_heads": 4,
    "n_layers": 2,
    "n_params": 2530962,
    "probe_alleles": [
      "HLA-A*02:01",
      "HLA-A*24:02",
      "HLA-A*03:01",
      "HLA-A*11:01",
      "HLA-A*01:01",
      "HLA-B*07:02",
      "HLA-B*44:02"
    ],
    "seed": 42,
    "sigma_mult": 0.75,
    "test_rows": 4060,
    "train_rows": 32805,
    "val_rows": 4184
  },
  "epoch_summaries": [
    {
      "epoch": 1,
      "epoch_time_s": 8.77,
      "train_grad_norm_output": 0.07101044524461031,
      "train_loss": 0.05573368413272754,
      "train_loss_mhcflurry": 0.05573368413272754,
      "val_accuracy": 0.8181166052818298,
      "val_auprc": 0.8031287789344788,
      "val_auroc": 0.8871946930885315,
      "val_balanced_accuracy": 0.7843557000160217,
      "val_f1": 0.7207339255700015,
      "val_loss": 0.03827042505145073,
      "val_n_samples": 4184,
      "val_pearson": 0.7246649861335754,
      "val_precision": 0.7762845754623413,
      "val_recall": 0.6726027131080627,
      "val_rmse_log10": 1.0098347663879395,
      "val_spearman": 0.7165765762329102
    },
    {
      "epoch": 2,
      "epoch_time_s": 7.47,
      "train_grad_norm_output": 0.0628401008542887,
      "train_loss": 0.0358854267861723,
      "train_loss_mhcflurry": 0.0358854267861723,
      "val_accuracy": 0.8326959609985352,
      "val_auprc": 0.826619565486908,
      "val_auroc": 0.9036791324615479,
      "val_balanced_accuracy": 0.8168466985225677,
      "val_f1": 0.7612551189304456,
      "val_loss": 0.03132106632213382,
      "val_n_samples": 4184,
      "val_pearson": 0.7795950770378113,
      "val_precision": 0.758152186870575,
      "val_recall": 0.7643835544586182,
      "val_rmse_log10": 0.9166194200515747,
      "val_spearman": 0.7616268992424011
    },
    {
      "epoch": 3,
      "epoch_time_s": 7.49,
      "train_grad_norm_output": 0.0680559903903063,
      "train_loss": 0.029517937567113905,
      "train_loss_mhcflurry": 0.029517937567113905,
      "val_accuracy": 0.8565965294837952,
      "val_auprc": 0.8616152405738831,
      "val_auroc": 0.9275611042976379,
      "val_balanced_accuracy": 0.8487095832824707,
      "val_f1": 0.8001332366320976,
      "val_loss": 0.026630278238478827,
      "val_n_samples": 4184,
      "val_pearson": 0.8133596181869507,
      "val_precision": 0.7788586020469666,
      "val_recall": 0.8226027488708496,
      "val_rmse_log10": 0.8487275838851929,
      "val_spearman": 0.7940371036529541
    },
    {
      "epoch": 4,
      "epoch_time_s": 7.62,
      "train_grad_norm_output": 0.06775008671909802,
      "train_loss": 0.027252344198005145,
      "train_loss_mhcflurry": 0.027252344198005145,
      "val_accuracy": 0.8444072604179382,
      "val_auprc": 0.8508495092391968,
      "val_auroc": 0.919417142868042,
      "val_balanced_accuracy": 0.8288601636886597,
      "val_f1": 0.7771311385603321,
      "val_loss": 0.027529458296211326,
      "val_n_samples": 4184,
      "val_pearson": 0.8045571446418762,
      "val_precision": 0.7768651843070984,
      "val_recall": 0.7773972749710083,
      "val_rmse_log10": 0.8714214563369751,
      "val_spearman": 0.7839166522026062
    },
    {
      "epoch": 5,
      "epoch_time_s": 7.5,
      "train_grad_norm_output": 0.07429194369519404,
      "train_loss": 0.026917755531594735,
      "train_loss_mhcflurry": 0.026917755531594735,
      "val_accuracy": 0.8585085868835449,
      "val_auprc": 0.8664193749427795,
      "val_auroc": 0.9301879405975342,
      "val_balanced_accuracy": 0.8506547808647156,
      "val_f1": 0.8026666940000322,
      "val_loss": 0.02542814508299617,
      "val_n_samples": 4184,
      "val_pearson": 0.8205127120018005,
      "val_precision": 0.7818182110786438,
      "val_recall": 0.8246575593948364,
      "val_rmse_log10": 0.8361673355102539,
      "val_spearman": 0.8011251091957092
    },
    {
      "epoch": 6,
      "epoch_time_s": 7.77,
      "train_grad_norm_output": 0.06863180256282636,
      "train_loss": 0.025683419576795527,
      "train_loss_mhcflurry": 0.025683419576795527,
      "val_accuracy": 0.8589866161346436,
      "val_auprc": 0.8635448813438416,
      "val_auroc": 0.9281993508338928,
      "val_balanced_accuracy": 0.8297276496887207,
      "val_f1": 0.7838827938556793,
      "val_loss": 0.027212834971792558,
      "val_n_samples": 4184,
      "val_pearson": 0.815970242023468,
      "val_precision": 0.8425197005271912,
      "val_recall": 0.732876718044281,
      "val_rmse_log10": 0.8663520812988281,
      "val_spearman": 0.7947927713394165
    },
    {
      "epoch": 7,
      "epoch_time_s": 7.36,
      "train_grad_norm_output": 0.07402665537688159,
      "train_loss": 0.025299067081984622,
      "train_loss_mhcflurry": 0.025299067081984622,
      "val_accuracy": 0.8491873741149902,
      "val_auprc": 0.8623341917991638,
      "val_auroc": 0.929559588432312,
      "val_balanced_accuracy": 0.8585928380489349,
      "val_f1": 0.8045834798739298,
      "val_loss": 0.02988439562785275,
      "val_n_samples": 4184,
      "val_pearson": 0.8151248097419739,
      "val_precision": 0.7343131899833679,
      "val_recall": 0.8897260427474976,
      "val_rmse_log10": 0.8901751041412354,
      "val_spearman": 0.7978081107139587
    },
    {
      "epoch": 8,
      "epoch_time_s": 7.23,
      "train_grad_norm_output": 0.07133991730421088,
      "train_loss": 0.02513240940522316,
      "train_loss_mhcflurry": 0.02513240940522316,
      "val_accuracy": 0.8625717163085938,
      "val_auprc": 0.8747872114181519,
      "val_auroc": 0.934955358505249,
      "val_balanced_accuracy": 0.8552053868770599,
      "val_f1": 0.808397216283275,
      "val_loss": 0.02522488179452279,
      "val_n_samples": 4184,
      "val_pearson": 0.8269909620285034,
      "val_precision": 0.7871512174606323,
      "val_recall": 0.8308219313621521,
      "val_rmse_log10": 0.8296203017234802,
      "val_spearman": 0.8026288151741028
    },
    {
      "epoch": 9,
      "epoch_time_s": 7.7,
      "train_grad_norm_output": 0.07496143328820089,
      "train_loss": 0.0248276978413495,
      "train_loss_mhcflurry": 0.0248276978413495,
      "val_accuracy": 0.8635277152061462,
      "val_auprc": 0.8695470094680786,
      "val_auroc": 0.9328306317329407,
      "val_balanced_accuracy": 0.8587999939918518,
      "val_f1": 0.8117375362090186,
      "val_loss": 0.026290520642171886,
      "val_n_samples": 4184,
      "val_pearson": 0.8251262903213501,
      "val_precision": 0.7825810313224792,
      "val_recall": 0.8431506752967834,
      "val_rmse_log10": 0.8391485214233398,
      "val_spearman": 0.7996413111686707
    },
    {
      "epoch": 10,
      "epoch_time_s": 8.0,
      "train_grad_norm_output": 0.07137414784163468,
      "train_loss": 0.02417885517889215,
      "train_loss_mhcflurry": 0.02417885517889215,
      "val_accuracy": 0.8663957715034485,
      "val_auprc": 0.8719887137413025,
      "val_auroc": 0.9362468123435974,
      "val_balanced_accuracy": 0.8555996417999268,
      "val_f1": 0.810700996376799,
      "val_loss": 0.025062620585017344,
      "val_n_samples": 4184,
      "val_pearson": 0.8247309923171997,
      "val_precision": 0.8017414808273315,
      "val_recall": 0.8198630213737488,
      "val_rmse_log10": 0.8258639574050903,
      "val_spearman": 0.7998755574226379
    },
    {
      "epoch": 11,
      "epoch_time_s": 7.78,
      "train_grad_norm_output": 0.07768121322746886,
      "train_loss": 0.024224550181696582,
      "train_loss_mhcflurry": 0.024224550181696582,
      "val_accuracy": 0.8575525879859924,
      "val_auprc": 0.8641448616981506,
      "val_auroc": 0.9286118745803833,
      "val_balanced_accuracy": 0.8359362781047821,
      "val_f1": 0.7892503439040376,
      "val_loss": 0.02658296633950051,