{
  "config": {
    "assay_mode": "additive",
    "batch_size": 256,
    "cond_id": 17,
    "device": "cuda",
    "embed_dim": 384,
    "epochs": 20,
    "head_type": "mhcflurry",
    "label": "c17_mhcflurry_additive_max125k_d384",
    "lr": 0.001,
    "max_nM": 125000,
    "n_bins": 128,
    "n_heads": 4,
    "n_layers": 2,
    "n_params": 2530962,
    "probe_alleles": [
      "HLA-A*02:01",
      "HLA-A*24:02",
      "HLA-A*03:01",
      "HLA-A*11:01",
      "HLA-A*01:01",
      "HLA-B*07:02",
      "HLA-B*44:02"
    ],
    "seed": 42,
    "sigma_mult": 0.75,
    "test_rows": 4060,
    "train_rows": 32805,
    "val_rows": 4184
  },
  "epoch_summaries": [
    {
      "epoch": 1,
      "epoch_time_s": 8.08,
      "train_grad_norm_output": 0.06572478759109743,
      "train_loss": 0.05333971884823585,
      "train_loss_mhcflurry": 0.05333971884823585,
      "val_accuracy": 0.8228967785835266,
      "val_auprc": 0.8072967529296875,
      "val_auroc": 0.8916186690330505,
      "val_balanced_accuracy": 0.7935886979103088,
      "val_f1": 0.7329729754989985,
      "val_loss": 0.03688211015918676,
      "val_n_samples": 4184,
      "val_pearson": 0.7221073508262634,
      "val_precision": 0.7733840346336365,
      "val_recall": 0.6965753436088562,
      "val_rmse_log10": 1.0086121559143066,
      "val_spearman": 0.712166965007782
    },
    {
      "epoch": 2,
      "epoch_time_s": 6.92,
      "train_grad_norm_output": 0.0655385102903427,
      "train_loss": 0.03470287164456622,
      "train_loss_mhcflurry": 0.03470287164456622,
      "val_accuracy": 0.8162046074867249,
      "val_auprc": 0.8062520623207092,
      "val_auroc": 0.8881358504295349,
      "val_balanced_accuracy": 0.7860655188560486,
      "val_f1": 0.7226830151957121,
      "val_loss": 0.035262035425095,
      "val_n_samples": 4184,
      "val_pearson": 0.7505287528038025,
      "val_precision": 0.7631378769874573,
      "val_recall": 0.6863013505935669,
      "val_rmse_log10": 0.9894452095031738,
      "val_spearman": 0.7379041314125061
    },
    {
      "epoch": 3,
      "epoch_time_s": 7.01,
      "train_grad_norm_output": 0.07621386704980865,
      "train_loss": 0.028482221009195313,
      "train_loss_mhcflurry": 0.028482221009195313,
      "val_accuracy": 0.84560227394104,
      "val_auprc": 0.845720648765564,
      "val_auroc": 0.9175148010253906,
      "val_balanced_accuracy": 0.825805127620697,
      "val_f1": 0.7745987680783636,
      "val_loss": 0.02761854264227783,
      "val_n_samples": 4184,
      "val_pearson": 0.8003858327865601,
      "val_precision": 0.7894737124443054,
      "val_recall": 0.7602739930152893,
      "val_rmse_log10": 0.8858479261398315,
      "val_spearman": 0.7822933793067932
    },
    {
      "epoch": 4,
      "epoch_time_s": 6.98,
      "train_grad_norm_output": 0.06860504537647547,
      "train_loss": 0.026230447903968567,
      "train_loss_mhcflurry": 0.026230447903968567,
      "val_accuracy": 0.8592256307601929,
      "val_auprc": 0.8659486770629883,
      "val_auroc": 0.9283303022384644,
      "val_balanced_accuracy": 0.8384924530982971,
      "val_f1": 0.7923863233718168,
      "val_loss": 0.0248688606216627,
      "val_n_samples": 4184,
      "val_pearson": 0.8195139765739441,
      "val_precision": 0.8162672519683838,
      "val_recall": 0.7698630094528198,
      "val_rmse_log10": 0.8452481031417847,
      "val_spearman": 0.7962768077850342
    },
    {
      "epoch": 5,
      "epoch_time_s": 6.99,
      "train_grad_norm_output": 0.070868102746994,
      "train_loss": 0.02569303483983805,
      "train_loss_mhcflurry": 0.02569303483983805,
      "val_accuracy": 0.8611376881599426,
      "val_auprc": 0.8724259734153748,
      "val_auroc": 0.9328560829162598,
      "val_balanced_accuracy": 0.8491777777671814,
      "val_f1": 0.802716460247855,
      "val_loss": 0.02371771655538503,
      "val_n_samples": 4184,
      "val_pearson": 0.8269292116165161,
      "val_precision": 0.7959595918655396,
      "val_recall": 0.8095890283584595,
      "val_rmse_log10": 0.8264937996864319,
      "val_spearman": 0.8048269152641296
    },
    {
      "epoch": 6,
      "epoch_time_s": 7.33,
      "train_grad_norm_output": 0.06931446261646211,
      "train_loss": 0.024616149398534334,
      "train_loss_mhcflurry": 0.024616149398534334,
      "val_accuracy": 0.8668738007545471,
      "val_auprc": 0.8679439425468445,
      "val_auroc": 0.9298827052116394,
      "val_balanced_accuracy": 0.847067654132843,
      "val_f1": 0.8038041529959233,
      "val_loss": 0.02440706445999882,
      "val_n_samples": 4184,
      "val_pearson": 0.8223362565040588,
      "val_precision": 0.8274111747741699,
      "val_recall": 0.7815068364143372,
      "val_rmse_log10": 0.8404366970062256,
      "val_spearman": 0.8023667335510254
    },
    {
      "epoch": 7,
      "epoch_time_s": 6.93,
      "train_grad_norm_output": 0.07136294176412183,
      "train_loss": 0.02431118972021942,
      "train_loss_mhcflurry": 0.02431118972021942,
      "val_accuracy": 0.8403441905975342,
      "val_auprc": 0.8708019256591797,
      "val_auroc": 0.9308812022209167,
      "val_balanced_accuracy": 0.8521191477775574,
      "val_f1": 0.795718637140548,
      "val_loss": 0.028630776166477623,
      "val_n_samples": 4184,
      "val_pearson": 0.8186441659927368,
      "val_precision": 0.718784511089325,
      "val_recall": 0.8910958766937256,
      "val_rmse_log10": 0.8819928765296936,
      "val_spearman": 0.8047740459442139
    },
    {
      "epoch": 8,
      "epoch_time_s": 7.02,
      "train_grad_norm_output": 0.06814710377145183,
      "train_loss": 0.024133240183194477,
      "train_loss_mhcflurry": 0.024133240183194477,
      "val_accuracy": 0.865439772605896,
      "val_auprc": 0.8763906359672546,
      "val_auroc": 0.9351243376731873,
      "val_balanced_accuracy": 0.8589971363544464,
      "val_f1": 0.8128946551098976,
      "val_loss": 0.023916385136544704,
      "val_n_samples": 4184,
      "val_pearson": 0.8272323608398438,
      "val_precision": 0.7895416617393494,
      "val_recall": 0.8376712203025818,
      "val_rmse_log10": 0.8285818696022034,
      "val_spearman": 0.8043771982192993
    },
    {
      "epoch": 9,
      "epoch_time_s": 7.0,
      "train_grad_norm_output": 0.07401428404877815,
      "train_loss": 0.023859846239635187,
      "train_loss_mhcflurry": 0.023859846239635187,
      "val_accuracy": 0.8554015159606934,
      "val_auprc": 0.8727741241455078,
      "val_auroc": 0.9321367144584656,
      "val_balanced_accuracy": 0.8498576879501343,
      "val_f1": 0.8005275381566977,
      "val_loss": 0.024807212709942284,
      "val_n_samples": 4184,
      "val_pearson": 0.8256720900535583,
      "val_precision": 0.7717736959457397,
      "val_recall": 0.8315068483352661,
      "val_rmse_log10": 0.8372124433517456,
      "val_spearman": 0.8051237463951111
    },
    {
      "epoch": 10,
      "epoch_time_s": 7.06,
      "train_grad_norm_output": 0.07704703667193882,
      "train_loss": 0.02354980550359848,
      "train_loss_mhcflurry": 0.02354980550359848,
      "val_accuracy": 0.8649617433547974,
      "val_auprc": 0.8743131160736084,
      "val_auroc": 0.9322565793991089,
      "val_balanced_accuracy": 0.8478240072727203,
      "val_f1": 0.803478281933689,
      "val_loss": 0.02489503286778927,
      "val_n_samples": 4184,
      "val_pearson": 0.8195978403091431,
      "val_precision": 0.8162544369697571,
      "val_recall": 0.7910959124565125,
      "val_rmse_log10": 0.8414163589477539,
      "val_spearman": 0.7976812124252319
    },
    {
      "epoch": 11,
      "epoch_time_s": 7.13,
      "train_grad_norm_output": 0.07194437291617542,
      "train_loss": 0.023072519317962403,
      "train_loss_mhcflurry": 0.023072519317962403,
      "val_accuracy": 0.8613767027854919,
      "val_auprc": 0.8773210048675537,
      "val_auroc": 0.9354034066200256,
      "val_balanced_accuracy": 0.8390320241451263,
      "val_f1": 0.7938877021004365,
      "val_loss": 0.023855256382375956,