{
  "config": {
    "assay_mode": "additive",
    "batch_size": 256,
    "cond_id": 18,
    "device": "cuda",
    "embed_dim": 384,
    "epochs": 20,
    "head_type": "mhcflurry",
    "label": "c18_mhcflurry_additive_max150k_d384",
    "lr": 0.001,
    "max_nM": 150000,
    "n_bins": 128,
    "n_heads": 4,
    "n_layers": 2,
    "n_params": 2530962,
    "probe_alleles": [
      "HLA-A*02:01",
      "HLA-A*24:02",
      "HLA-A*03:01",
      "HLA-A*11:01",
      "HLA-A*01:01",
      "HLA-B*07:02",
      "HLA-B*44:02"
    ],
    "seed": 42,
    "sigma_mult": 0.75,
    "test_rows": 4060,
    "train_rows": 32805,
    "val_rows": 4184
  },
  "epoch_summaries": [
    {
      "epoch": 1,
      "epoch_time_s": 8.71,
      "train_grad_norm_output": 0.06365280248253613,
      "train_loss": 0.05218278128624886,
      "train_loss_mhcflurry": 0.05218278128624886,
      "val_accuracy": 0.8181166052818298,
      "val_auprc": 0.8069185018539429,
      "val_auroc": 0.8899294137954712,
      "val_balanced_accuracy": 0.789758712053299,
      "val_f1": 0.7275331148354488,
      "val_loss": 0.03435085878214415,
      "val_n_samples": 4184,
      "val_pearson": 0.7340630292892456,
      "val_precision": 0.7621905207633972,
      "val_recall": 0.6958904266357422,
      "val_rmse_log10": 0.9852489233016968,
      "val_spearman": 0.7197721004486084
    },
    {
      "epoch": 2,
      "epoch_time_s": 7.28,
      "train_grad_norm_output": 0.06789167937208977,
      "train_loss": 0.033934568509806036,
      "train_loss_mhcflurry": 0.033934568509806036,
      "val_accuracy": 0.8396271467208862,
      "val_auprc": 0.8364469408988953,
      "val_auroc": 0.9102805256843567,
      "val_balanced_accuracy": 0.8274138569831848,
      "val_f1": 0.7739979662799827,
      "val_loss": 0.028336025774478912,
      "val_n_samples": 4184,
      "val_pearson": 0.7887811064720154,
      "val_precision": 0.7614313960075378,
      "val_recall": 0.7869862914085388,
      "val_rmse_log10": 0.899080216884613,
      "val_spearman": 0.77436763048172
    },
    {
      "epoch": 3,
      "epoch_time_s": 7.26,
      "train_grad_norm_output": 0.06750118462441042,
      "train_loss": 0.027449543898304302,
      "train_loss_mhcflurry": 0.027449543898304302,
      "val_accuracy": 0.8530114889144897,
      "val_auprc": 0.8574228882789612,
      "val_auroc": 0.9246353507041931,
      "val_balanced_accuracy": 0.8459562957286835,
      "val_f1": 0.7961551156394638,
      "val_loss": 0.025518127169240925,
      "val_n_samples": 4184,
      "val_pearson": 0.8108429908752441,
      "val_precision": 0.771355152130127,
      "val_recall": 0.8226027488708496,
      "val_rmse_log10": 0.8636788725852966,
      "val_spearman": 0.7896255850791931
    },
    {
      "epoch": 4,
      "epoch_time_s": 7.24,
      "train_grad_norm_output": 0.06797900421963643,
      "train_loss": 0.025495170608393906,
      "train_loss_mhcflurry": 0.025495170608393906,
      "val_accuracy": 0.8587476015090942,
      "val_auprc": 0.8603152632713318,
      "val_auroc": 0.9272786974906921,
      "val_balanced_accuracy": 0.8384431898593903,
      "val_f1": 0.7921210125470098,
      "val_loss": 0.024586323073462528,
      "val_n_samples": 4184,
      "val_pearson": 0.8151509761810303,
      "val_precision": 0.814172089099884,
      "val_recall": 0.7712329030036926,
      "val_rmse_log10": 0.8577423691749573,
      "val_spearman": 0.7945111393928528
    },
    {
      "epoch": 5,
      "epoch_time_s": 7.22,
      "train_grad_norm_output": 0.06922208311310572,
      "train_loss": 0.025136751577604647,
      "train_loss_mhcflurry": 0.025136751577604647,
      "val_accuracy": 0.8573135733604431,
      "val_auprc": 0.8713884949684143,
      "val_auroc": 0.9323385953903198,
      "val_balanced_accuracy": 0.8498958945274353,
      "val_f1": 0.8014632643908899,
      "val_loss": 0.023560425157056135,
      "val_n_samples": 4184,
      "val_pearson": 0.8195943832397461,
      "val_precision": 0.7789269685745239,
      "val_recall": 0.8253424763679504,
      "val_rmse_log10": 0.8348299264907837,
      "val_spearman": 0.7983229756355286
    },
    {
      "epoch": 6,
      "epoch_time_s": 7.7,
      "train_grad_norm_output": 0.07163098772135816,
      "train_loss": 0.024402490347739336,
      "train_loss_mhcflurry": 0.024402490347739336,
      "val_accuracy": 0.8630496859550476,
      "val_auprc": 0.8652802109718323,
      "val_auroc": 0.9313104152679443,
      "val_balanced_accuracy": 0.8449253439903259,
      "val_f1": 0.7999999997572447,
      "val_loss": 0.024351466063629177,
      "val_n_samples": 4184,
      "val_pearson": 0.8172445893287659,
      "val_precision": 0.8156583905220032,
      "val_recall": 0.784931480884552,
      "val_rmse_log10": 0.8513939380645752,
      "val_spearman": 0.7982227206230164
    },
    {
      "epoch": 7,
      "epoch_time_s": 7.24,
      "train_grad_norm_output": 0.07641526681277179,
      "train_loss": 0.023716946414043736,
      "train_loss_mhcflurry": 0.023716946414043736,
      "val_accuracy": 0.8329349756240845,
      "val_auprc": 0.8708460330963135,
      "val_auroc": 0.9308072924613953,
      "val_balanced_accuracy": 0.8515141904354095,
      "val_f1": 0.7922734122052493,
      "val_loss": 0.032239710583406335,
      "val_n_samples": 4184,
      "val_pearson": 0.8146679997444153,
      "val_precision": 0.699737548828125,
      "val_recall": 0.9130136966705322,
      "val_rmse_log10": 0.9423856735229492,
      "val_spearman": 0.800248384475708
    },
    {
      "epoch": 8,
      "epoch_time_s": 7.23,
      "train_grad_norm_output": 0.07106003942069157,
      "train_loss": 0.0237518116369728,
      "train_loss_mhcflurry": 0.0237518116369728,
      "val_accuracy": 0.8706979155540466,
      "val_auprc": 0.8804662823677063,
      "val_auroc": 0.9386889934539795,
      "val_balanced_accuracy": 0.8644655346870422,
      "val_f1": 0.8199667219986269,
      "val_loss": 0.02301426138728857,
      "val_n_samples": 4184,
      "val_pearson": 0.8317813277244568,
      "val_precision": 0.7974110245704651,
      "val_recall": 0.8438355922698975,
      "val_rmse_log10": 0.8160861730575562,
      "val_spearman": 0.8089243173599243
    },
    {
      "epoch": 9,
      "epoch_time_s": 7.27,
      "train_grad_norm_output": 0.07458279225542101,
      "train_loss": 0.023250119341898336,
      "train_loss_mhcflurry": 0.023250119341898336,
      "val_accuracy": 0.8637667298316956,
      "val_auprc": 0.8762292861938477,
      "val_auroc": 0.9337924122810364,
      "val_balanced_accuracy": 0.8600959479808807,
      "val_f1": 0.8128693554755518,
      "val_loss": 0.023760564022642726,
      "val_n_samples": 4184,
      "val_pearson": 0.828862190246582,
      "val_precision": 0.7805801033973694,
      "val_recall": 0.8479452133178711,
      "val_rmse_log10": 0.8299536108970642,
      "val_spearman": 0.804970383644104
    },
    {
      "epoch": 10,
      "epoch_time_s": 7.26,
      "train_grad_norm_output": 0.07268745117178259,
      "train_loss": 0.023023194640643837,
      "train_loss_mhcflurry": 0.023023194640643837,
      "val_accuracy": 0.8616156578063965,
      "val_auprc": 0.8759335875511169,
      "val_auroc": 0.9344850778579712,
      "val_balanced_accuracy": 0.8616222143173218,
      "val_f1": 0.8129240748300254,
      "val_loss": 0.02332694351892261,
      "val_n_samples": 4184,
      "val_pearson": 0.8268950581550598,
      "val_precision": 0.7694189548492432,
      "val_recall": 0.8616438508033752,
      "val_rmse_log10": 0.8239771127700806,
      "val_spearman": 0.804659366607666
    },
    {
      "epoch": 11,
      "epoch_time_s": 7.27,
      "train_grad_norm_output": 0.0714198030358137,
      "train_loss": 0.022893170977747717,
      "train_loss_mhcflurry": 0.022893170977747717,
      "val_accuracy": 0.8613767027854919,
      "val_auprc": 0.8722180128097534,
      "val_auroc": 0.9324593544006348,
      "val_balanced_accuracy": 0.8383963704109192,
      "val_f1": 0.7933000676869778,
      "val_loss": 0.02307476897669189,