{
  "config": {
    "assay_mode": "additive",
    "batch_size": 256,
    "cond_id": 19,
    "device": "cuda",
    "embed_dim": 512,
    "epochs": 20,
    "head_type": "mhcflurry",
    "label": "c19_mhcflurry_additive_max25k_d512",
    "lr": 0.001,
    "max_nM": 25000,
    "n_bins": 128,
    "n_heads": 4,
    "n_layers": 2,
    "n_params": 4455186,
    "probe_alleles": [
      "HLA-A*02:01",
      "HLA-A*24:02",
      "HLA-A*03:01",
      "HLA-A*11:01",
      "HLA-A*01:01",
      "HLA-B*07:02",
      "HLA-B*44:02"
    ],
    "seed": 42,
    "sigma_mult": 0.75,
    "test_rows": 4060,
    "train_rows": 32805,
    "val_rows": 4184
  },
  "epoch_summaries": [
    {
      "epoch": 1,
      "epoch_time_s": 12.32,
      "train_grad_norm_output": 0.11148368339090384,
      "train_loss": 0.07195501280731934,
      "train_loss_mhcflurry": 0.07195501280731934,
      "val_accuracy": 0.8054493069648743,
      "val_auprc": 0.7819820642471313,
      "val_auroc": 0.8730452060699463,
      "val_balanced_accuracy": 0.7863868474960327,
      "val_f1": 0.7218045044385992,
      "val_loss": 0.0465745156740441,
      "val_n_samples": 4184,
      "val_pearson": 0.7076532244682312,
      "val_precision": 0.7203274369239807,
      "val_recall": 0.7232876420021057,
      "val_rmse_log10": 1.0347349643707275,
      "val_spearman": 0.6986441016197205
    },
    {
      "epoch": 2,
      "epoch_time_s": 9.8,
      "train_grad_norm_output": 0.16465622276183248,
      "train_loss": 0.04537668558516244,
      "train_loss_mhcflurry": 0.04537668558516244,
      "val_accuracy": 0.7915869951248169,
      "val_auprc": 0.80316561460495,
      "val_auroc": 0.8941931128501892,
      "val_balanced_accuracy": 0.8137207627296448,
      "val_f1": 0.7481224788903508,
      "val_loss": 0.05024311581955237,
      "val_n_samples": 4184,
      "val_pearson": 0.7494413256645203,
      "val_precision": 0.6468531489372253,
      "val_recall": 0.8869863152503967,
      "val_rmse_log10": 1.0688856840133667,
      "val_spearman": 0.741921603679657
    },
    {
      "epoch": 3,
      "epoch_time_s": 9.8,
      "train_grad_norm_output": 0.17409535537856494,
      "train_loss": 0.04006052782484727,
      "train_loss_mhcflurry": 0.04006052782484727,
      "val_accuracy": 0.8243308067321777,
      "val_auprc": 0.8179059624671936,
      "val_auroc": 0.9013997316360474,
      "val_balanced_accuracy": 0.7977093756198883,
      "val_f1": 0.7381546375205077,
      "val_loss": 0.038243917310062575,
      "val_n_samples": 4184,
      "val_pearson": 0.7660079002380371,
      "val_precision": 0.7691165804862976,
      "val_recall": 0.7095890641212463,
      "val_rmse_log10": 0.9345375299453735,
      "val_spearman": 0.7541743516921997
    },
    {
      "epoch": 4,
      "epoch_time_s": 9.78,
      "train_grad_norm_output": 0.14910224389082702,
      "train_loss": 0.03871633321797663,
      "train_loss_mhcflurry": 0.03871633321797663,
      "val_accuracy": 0.8358030319213867,
      "val_auprc": 0.8358842134475708,
      "val_auroc": 0.9144995212554932,
      "val_balanced_accuracy": 0.7969852089881897,
      "val_f1": 0.7396741176872239,
      "val_loss": 0.03862482561346363,
      "val_n_samples": 4184,
      "val_pearson": 0.7772054076194763,
      "val_precision": 0.8278201818466187,
      "val_recall": 0.6684931516647339,
      "val_rmse_log10": 0.9344242215156555,
      "val_spearman": 0.7571561932563782
    },
    {
      "epoch": 5,
      "epoch_time_s": 9.81,
      "train_grad_norm_output": 0.1516062399560167,
      "train_loss": 0.037556332904239036,
      "train_loss_mhcflurry": 0.037556332904239036,
      "val_accuracy": 0.8398661613464355,
      "val_auprc": 0.8448333740234375,
      "val_auroc": 0.9148298501968384,
      "val_balanced_accuracy": 0.8172681033611298,
      "val_f1": 0.7639182445479852,
      "val_loss": 0.03532886307905702,
      "val_n_samples": 4184,
      "val_pearson": 0.7861279249191284,
      "val_precision": 0.7866473197937012,
      "val_recall": 0.7424657344818115,
      "val_rmse_log10": 0.895995557308197,
      "val_spearman": 0.7657284736633301
    },
    {
      "epoch": 6,
      "epoch_time_s": 10.15,
      "train_grad_norm_output": 0.14912456935343815,
      "train_loss": 0.0374850223866082,
      "train_loss_mhcflurry": 0.0374850223866082,
      "val_accuracy": 0.8389101624488831,
      "val_auprc": 0.824659526348114,
      "val_auroc": 0.9084451794624329,
      "val_balanced_accuracy": 0.8233671188354492,
      "val_f1": 0.7698087444437552,
      "val_loss": 0.0362314563792418,
      "val_n_samples": 4184,
      "val_pearson": 0.7793374061584473,
      "val_precision": 0.7677111625671387,
      "val_recall": 0.7719178199768066,
      "val_rmse_log10": 0.9122163653373718,
      "val_spearman": 0.7600523233413696
    },
    {
      "epoch": 7,
      "epoch_time_s": 9.8,
      "train_grad_norm_output": 0.1617685654308907,
      "train_loss": 0.03640546373907448,
      "train_loss_mhcflurry": 0.03640546373907448,
      "val_accuracy": 0.8398661613464355,
      "val_auprc": 0.8363887071609497,
      "val_auroc": 0.9164596796035767,
      "val_balanced_accuracy": 0.8469846844673157,
      "val_f1": 0.7914072097825606,
      "val_loss": 0.036469535463873076,
      "val_n_samples": 4184,
      "val_pearson": 0.7931733131408691,
      "val_precision": 0.7254565954208374,
      "val_recall": 0.8705479502677917,
      "val_rmse_log10": 0.9150788187980652,
      "val_spearman": 0.7707480788230896
    },
    {
      "epoch": 8,
      "epoch_time_s": 9.83,
      "train_grad_norm_output": 0.1448210465122563,
      "train_loss": 0.03588447767461455,
      "train_loss_mhcflurry": 0.03588447767461455,
      "val_accuracy": 0.8477533459663391,
      "val_auprc": 0.8525239825248718,
      "val_auroc": 0.9192810654640198,
      "val_balanced_accuracy": 0.8344492316246033,
      "val_f1": 0.7837011774635394,
      "val_loss": 0.03397125246770242,
      "val_n_samples": 4184,
      "val_pearson": 0.7990679740905762,
      "val_precision": 0.777104377746582,
      "val_recall": 0.7904109358787537,
      "val_rmse_log10": 0.8776518702507019,
      "val_spearman": 0.7753428816795349
    },
    {
      "epoch": 9,
      "epoch_time_s": 9.82,
      "train_grad_norm_output": 0.15528297649566516,
      "train_loss": 0.03619978597113328,
      "train_loss_mhcflurry": 0.03619978597113328,
      "val_accuracy": 0.840822160243988,
      "val_auprc": 0.8309496641159058,
      "val_auroc": 0.9108296632766724,
      "val_balanced_accuracy": 0.8364361524581909,
      "val_f1": 0.7827788637338575,
      "val_loss": 0.03667562465895625,
      "val_n_samples": 4184,
      "val_pearson": 0.7865421175956726,
      "val_precision": 0.7471979856491089,
      "val_recall": 0.8219178318977356,
      "val_rmse_log10": 0.9148985743522644,
      "val_spearman": 0.7661121487617493
    },
    {
      "epoch": 10,
      "epoch_time_s": 9.82,
      "train_grad_norm_output": 0.14552318454943886,
      "train_loss": 0.03682926126806311,
      "train_loss_mhcflurry": 0.03682926126806311,
      "val_accuracy": 0.8286328911781311,
      "val_auprc": 0.8156809210777283,
      "val_auroc": 0.9061434268951416,
      "val_balanced_accuracy": 0.8237377405166626,
      "val_f1": 0.7668292520971131,
      "val_loss": 0.037136970964424754,
      "val_n_samples": 4184,
      "val_pearson": 0.7786306738853455,
      "val_precision": 0.7300309538841248,
      "val_recall": 0.8075342178344727,
      "val_rmse_log10": 0.923061728477478,
      "val_spearman": 0.7598385810852051
    },
    {
      "epoch": 11,
      "epoch_time_s": 9.83,
      "train_grad_norm_output": 0.14910034664957098,
      "train_loss": 0.03770309159633263,
      "train_loss_mhcflurry": 0.03770309159633263,
      "val_accuracy": 0.8417782187461853,
      "val_auprc": 0.8260486125946045,
      "val_auroc": 0.9139944911003113,
      "val_balanced_accuracy": 0.8331975638866425,
      "val_f1": 0.7802125073278336,
      "val_loss": 0.03443082350799266,