{
  "config": {
    "assay_mode": "additive",
    "batch_size": 256,
    "cond_id": 20,
    "device": "cuda",
    "embed_dim": 512,
    "epochs": 20,
    "head_type": "mhcflurry",
    "label": "c20_mhcflurry_additive_max50k_d512",
    "lr": 0.001,
    "max_nM": 50000,
    "n_bins": 128,
    "n_heads": 4,
    "n_layers": 2,
    "n_params": 4455186,
    "probe_alleles": [
      "HLA-A*02:01",
      "HLA-A*24:02",
      "HLA-A*03:01",
      "HLA-A*11:01",
      "HLA-A*01:01",
      "HLA-B*07:02",
      "HLA-B*44:02"
    ],
    "seed": 42,
    "sigma_mult": 0.75,
    "test_rows": 4060,
    "train_rows": 32805,
    "val_rows": 4184
  },
  "epoch_summaries": [
    {
      "epoch": 1,
      "epoch_time_s": 10.35,
      "train_grad_norm_output": 0.09233181481791097,
      "train_loss": 0.06748298467533995,
      "train_loss_mhcflurry": 0.06748298467533995,
      "val_accuracy": 0.7856118679046631,
      "val_auprc": 0.7580519318580627,
      "val_auroc": 0.8607127070426941,
      "val_balanced_accuracy": 0.7334897518157959,
      "val_f1": 0.6461538668563207,
      "val_loss": 0.04843528393436881,
      "val_n_samples": 4184,
      "val_pearson": 0.6804222464561462,
      "val_precision": 0.7618604898452759,
      "val_recall": 0.5609589219093323,
      "val_rmse_log10": 1.08173668384552,
      "val_spearman": 0.66477370262146
    },
    {
      "epoch": 2,
      "epoch_time_s": 9.13,
      "train_grad_norm_output": 0.14569328517414804,
      "train_loss": 0.04122697420476019,
      "train_loss_mhcflurry": 0.04122697420476019,
      "val_accuracy": 0.8257648348808289,
      "val_auprc": 0.8215899467468262,
      "val_auroc": 0.9029571413993835,
      "val_balanced_accuracy": 0.8285272419452667,
      "val_f1": 0.7703936798939576,
      "val_loss": 0.03664278491016697,
      "val_n_samples": 4184,
      "val_pearson": 0.7680413126945496,
      "val_precision": 0.7131195068359375,
      "val_recall": 0.8376712203025818,
      "val_rmse_log10": 0.9486693143844604,
      "val_spearman": 0.7552394270896912
    },
    {
      "epoch": 3,
      "epoch_time_s": 9.07,
      "train_grad_norm_output": 0.17197579584380454,
      "train_loss": 0.036046039789568544,
      "train_loss_mhcflurry": 0.036046039789568544,
      "val_accuracy": 0.8444072604179382,
      "val_auprc": 0.8352124691009521,
      "val_auroc": 0.9109890460968018,
      "val_balanced_accuracy": 0.8253640830516815,
      "val_f1": 0.7737226235895791,
      "val_loss": 0.03343039674355703,
      "val_n_samples": 4184,
      "val_pearson": 0.7831987738609314,
      "val_precision": 0.7854622602462769,
      "val_recall": 0.7623287439346313,
      "val_rmse_log10": 0.9020566344261169,
      "val_spearman": 0.766404926776886
    },
    {
      "epoch": 4,
      "epoch_time_s": 9.21,
      "train_grad_norm_output": 0.1482077514420646,
      "train_loss": 0.03382658575798652,
      "train_loss_mhcflurry": 0.03382658575798652,
      "val_accuracy": 0.8260038495063782,
      "val_auprc": 0.8228702545166016,
      "val_auroc": 0.9051133394241333,
      "val_balanced_accuracy": 0.7996298968791962,
      "val_f1": 0.7407407492565881,
      "val_loss": 0.03388831961680861,
      "val_n_samples": 4184,
      "val_pearson": 0.7807493209838867,
      "val_precision": 0.7715133428573608,
      "val_recall": 0.7123287916183472,
      "val_rmse_log10": 0.909227728843689,
      "val_spearman": 0.7590485215187073
    },
    {
      "epoch": 5,
      "epoch_time_s": 9.16,
      "train_grad_norm_output": 0.14215007993255474,
      "train_loss": 0.03362971411425938,
      "train_loss_mhcflurry": 0.03362971411425938,
      "val_accuracy": 0.8346080183982849,
      "val_auprc": 0.8359628915786743,
      "val_auroc": 0.9130440354347229,
      "val_balanced_accuracy": 0.812912106513977,
      "val_f1": 0.7577030806483674,
      "val_loss": 0.034494579714887286,
      "val_n_samples": 4184,
      "val_pearson": 0.7789795398712158,
      "val_precision": 0.7750716209411621,
      "val_recall": 0.7410959005355835,
      "val_rmse_log10": 0.9159126877784729,
      "val_spearman": 0.759470522403717
    },
    {
      "epoch": 6,
      "epoch_time_s": 9.42,
      "train_grad_norm_output": 0.150302029886218,
      "train_loss": 0.035215180150644725,
      "train_loss_mhcflurry": 0.035215180150644725,
      "val_accuracy": 0.8317399621009827,
      "val_auprc": 0.8338755965232849,
      "val_auroc": 0.9118711948394775,
      "val_balanced_accuracy": 0.8432864844799042,
      "val_f1": 0.785234902217586,
      "val_loss": 0.035974244751474434,
      "val_n_samples": 4184,
      "val_pearson": 0.7802788019180298,
      "val_precision": 0.7079207897186279,
      "val_recall": 0.8815068602561951,
      "val_rmse_log10": 0.9398679137229919,
      "val_spearman": 0.7661596536636353
    },
    {
      "epoch": 7,
      "epoch_time_s": 9.17,
      "train_grad_norm_output": 0.13633601485874303,
      "train_loss": 0.03573211312813814,
      "train_loss_mhcflurry": 0.03573211312813814,
      "val_accuracy": 0.8262428045272827,
      "val_auprc": 0.8115977048873901,
      "val_auroc": 0.8995211720466614,
      "val_balanced_accuracy": 0.8255572021007538,
      "val_f1": 0.7678057946056973,
      "val_loss": 0.03837162201457164,
      "val_n_samples": 4184,
      "val_pearson": 0.760552704334259,
      "val_precision": 0.7193297147750854,
      "val_recall": 0.8232876658439636,
      "val_rmse_log10": 0.9658664464950562,
      "val_spearman": 0.7439014911651611
    },
    {
      "epoch": 8,
      "epoch_time_s": 9.16,
      "train_grad_norm_output": 0.14726033105060113,
      "train_loss": 0.03798063210565453,
      "train_loss_mhcflurry": 0.03798063210565453,
      "val_accuracy": 0.8283938765525818,
      "val_auprc": 0.8234106302261353,
      "val_auroc": 0.9049317240715027,
      "val_balanced_accuracy": 0.8049614727497101,
      "val_f1": 0.7473610112054591,
      "val_loss": 0.03525731088045765,
      "val_n_samples": 4184,
      "val_pearson": 0.7687452435493469,
      "val_precision": 0.7684515118598938,
      "val_recall": 0.7273972630500793,
      "val_rmse_log10": 0.9277946949005127,
      "val_spearman": 0.7536999583244324
    },
    {
      "epoch": 9,
      "epoch_time_s": 9.08,
      "train_grad_norm_output": 0.15003501543009928,
      "train_loss": 0.038279534310333485,
      "train_loss_mhcflurry": 0.038279534310333485,
      "val_accuracy": 0.8214626908302307,
      "val_auprc": 0.7896870970726013,
      "val_auroc": 0.896616518497467,
      "val_balanced_accuracy": 0.8206148147583008,
      "val_f1": 0.7617225000897474,
      "val_loss": 0.03847101177362835,
      "val_n_samples": 4184,
      "val_pearson": 0.756048321723938,
      "val_precision": 0.7128358483314514,
      "val_recall": 0.817808210849762,
      "val_rmse_log10": 0.9686740040779114,
      "val_spearman": 0.7470470666885376
    },
    {
      "epoch": 10,
      "epoch_time_s": 9.1,
      "train_grad_norm_output": 0.15039682321885758,
      "train_loss": 0.03765838034451008,
      "train_loss_mhcflurry": 0.03765838034451008,
      "val_accuracy": 0.826481819152832,
      "val_auprc": 0.8096702694892883,
      "val_auroc": 0.9024510383605957,
      "val_balanced_accuracy": 0.8162060081958771,
      "val_f1": 0.7588039804910961,
      "val_loss": 0.03688461716999026,
      "val_n_samples": 4184,
      "val_pearson": 0.7627288699150085,
      "val_precision": 0.736774206161499,
      "val_recall": 0.7821917533874512,
      "val_rmse_log10": 0.9442995190620422,
      "val_spearman": 0.7501971125602722
    },
    {
      "epoch": 11,
      "epoch_time_s": 9.13,
      "train_grad_norm_output": 0.16240399330854416,
      "train_loss": 0.036297389645447105,
      "train_loss_mhcflurry": 0.036297389645447105,
      "val_accuracy": 0.8255258202552795,
      "val_auprc": 0.806505024433136,
      "val_auroc": 0.9008548855781555,
      "val_balanced_accuracy": 0.8137237727642059,
      "val_f1": 0.7560160596067159,
      "val_loss": 0.03615840217646431,