{
  "config": {
    "assay_mode": "additive",
    "batch_size": 256,
    "cond_id": 21,
    "device": "cuda",
    "embed_dim": 512,
    "epochs": 20,
    "head_type": "mhcflurry",
    "label": "c21_mhcflurry_additive_max75k_d512",
    "lr": 0.001,
    "max_nM": 75000,
    "n_bins": 128,
    "n_heads": 4,
    "n_layers": 2,
    "n_params": 4455186,
    "probe_alleles": [
      "HLA-A*02:01",
      "HLA-A*24:02",
      "HLA-A*03:01",
      "HLA-A*11:01",
      "HLA-A*01:01",
      "HLA-B*07:02",
      "HLA-B*44:02"
    ],
    "seed": 42,
    "sigma_mult": 0.75,
    "test_rows": 4060,
    "train_rows": 32805,
    "val_rows": 4184
  },
  "epoch_summaries": [
    {
      "epoch": 1,
      "epoch_time_s": 10.85,
      "train_grad_norm_output": 0.08958424630668736,
      "train_loss": 0.06484893074100331,
      "train_loss_mhcflurry": 0.06484893074100331,
      "val_accuracy": 0.7043498754501343,
      "val_auprc": 0.627711296081543,
      "val_auroc": 0.8138399124145508,
      "val_balanced_accuracy": 0.6062453389167786,
      "val_f1": 0.39922291153442785,
      "val_loss": 0.06793977572199177,
      "val_n_samples": 4184,
      "val_pearson": 0.5639051198959351,
      "val_precision": 0.6861435770988464,
      "val_recall": 0.28150683641433716,
      "val_rmse_log10": 1.3030142784118652,
      "val_spearman": 0.5730847120285034
    },
    {
      "epoch": 2,
      "epoch_time_s": 9.45,
      "train_grad_norm_output": 0.13817596897598386,
      "train_loss": 0.04188997113658476,
      "train_loss_mhcflurry": 0.04188997113658476,
      "val_accuracy": 0.7884799242019653,
      "val_auprc": 0.7869842052459717,
      "val_auroc": 0.8792837858200073,
      "val_balanced_accuracy": 0.7951255142688751,
      "val_f1": 0.7294405485649539,
      "val_loss": 0.042719949584673435,
      "val_n_samples": 4184,
      "val_pearson": 0.7305620312690735,
      "val_precision": 0.6587520837783813,
      "val_recall": 0.817123293876648,
      "val_rmse_log10": 1.0370402336120605,
      "val_spearman": 0.7260421514511108
    },
    {
      "epoch": 3,
      "epoch_time_s": 9.43,
      "train_grad_norm_output": 0.15857601500758828,
      "train_loss": 0.03554430504351161,
      "train_loss_mhcflurry": 0.03554430504351161,
      "val_accuracy": 0.8343690037727356,
      "val_auprc": 0.8276663422584534,
      "val_auroc": 0.9049503207206726,
      "val_balanced_accuracy": 0.8103448748588562,
      "val_f1": 0.7548638213012546,
      "val_loss": 0.033069569124456716,
      "val_n_samples": 4184,
      "val_pearson": 0.77573561668396,
      "val_precision": 0.7805413603782654,
      "val_recall": 0.7308219075202942,
      "val_rmse_log10": 0.9172236919403076,
      "val_spearman": 0.7650388479232788
    },
    {
      "epoch": 4,
      "epoch_time_s": 9.43,
      "train_grad_norm_output": 0.14033603327449903,
      "train_loss": 0.03369519761366437,
      "train_loss_mhcflurry": 0.03369519761366437,
      "val_accuracy": 0.8267208337783813,
      "val_auprc": 0.8133259415626526,
      "val_auroc": 0.9068832993507385,
      "val_balanced_accuracy": 0.7881032228469849,
      "val_f1": 0.7267244593806648,
      "val_loss": 0.03670417720123249,
      "val_n_samples": 4184,
      "val_pearson": 0.7560784220695496,
      "val_precision": 0.8080469369888306,
      "val_recall": 0.6602739691734314,
      "val_rmse_log10": 0.9720116257667542,
      "val_spearman": 0.7485827207565308
    },
    {
      "epoch": 5,
      "epoch_time_s": 9.51,
      "train_grad_norm_output": 0.14788818472000057,
      "train_loss": 0.03490851380566294,
      "train_loss_mhcflurry": 0.03490851380566294,
      "val_accuracy": 0.8393881320953369,
      "val_auprc": 0.8343830704689026,
      "val_auroc": 0.9155263304710388,
      "val_balanced_accuracy": 0.8078429996967316,
      "val_f1": 0.75348493853073,
      "val_loss": 0.033181742600658364,
      "val_n_samples": 4184,
      "val_pearson": 0.7817422747612,
      "val_precision": 0.811216413974762,
      "val_recall": 0.7034246325492859,
      "val_rmse_log10": 0.9284873604774475,
      "val_spearman": 0.7641611099243164
    },
    {
      "epoch": 6,
      "epoch_time_s": 9.96,
      "train_grad_norm_output": 0.14580768863706625,
      "train_loss": 0.034240324483361353,
      "train_loss_mhcflurry": 0.034240324483361353,
      "val_accuracy": 0.8283938765525818,
      "val_auprc": 0.807482123374939,
      "val_auroc": 0.9018120765686035,
      "val_balanced_accuracy": 0.8233952820301056,
      "val_f1": 0.766428106115051,
      "val_loss": 0.03428398587686174,
      "val_n_samples": 4184,
      "val_pearson": 0.7691082954406738,
      "val_precision": 0.729863703250885,
      "val_recall": 0.8068493008613586,
      "val_rmse_log10": 0.9389079213142395,
      "val_spearman": 0.7571719288825989
    },
    {
      "epoch": 7,
      "epoch_time_s": 9.47,
      "train_grad_norm_output": 0.15414257656580718,
      "train_loss": 0.03412493936313215,
      "train_loss_mhcflurry": 0.03412493936313215,
      "val_accuracy": 0.8401051759719849,
      "val_auprc": 0.8308729529380798,
      "val_auroc": 0.9168187379837036,
      "val_balanced_accuracy": 0.8338195979595184,
      "val_f1": 0.7801511415680362,
      "val_loss": 0.03132630709339591,
      "val_n_samples": 4184,
      "val_pearson": 0.7862368822097778,
      "val_precision": 0.7498420476913452,
      "val_recall": 0.8130136728286743,
      "val_rmse_log10": 0.8987745642662048,
      "val_spearman": 0.7727089524269104
    },
    {
      "epoch": 8,
      "epoch_time_s": 9.52,
      "train_grad_norm_output": 0.15023315715235333,
      "train_loss": 0.03356594339648421,
      "train_loss_mhcflurry": 0.03356594339648421,
      "val_accuracy": 0.8315009474754333,
      "val_auprc": 0.8089960217475891,
      "val_auroc": 0.9001043438911438,
      "val_balanced_accuracy": 0.8206962943077087,
      "val_f1": 0.764764753420065,
      "val_loss": 0.035464068491230995,
      "val_n_samples": 4184,
      "val_pearson": 0.7579773664474487,
      "val_precision": 0.7456083297729492,
      "val_recall": 0.784931480884552,
      "val_rmse_log10": 0.9520166516304016,
      "val_spearman": 0.7488863468170166
    },
    {
      "epoch": 9,
      "epoch_time_s": 9.53,
      "train_grad_norm_output": 0.17021745053488155,
      "train_loss": 0.03640839463287546,
      "train_loss_mhcflurry": 0.03640839463287546,
      "val_accuracy": 0.8477533459663391,
      "val_auprc": 0.8242951035499573,
      "val_auroc": 0.9111970663070679,
      "val_balanced_accuracy": 0.841282457113266,
      "val_f1": 0.7898383311018918,
      "val_loss": 0.03348718720543034,
      "val_n_samples": 4184,
      "val_pearson": 0.7714181542396545,
      "val_precision": 0.7619350552558899,
      "val_recall": 0.8198630213737488,
      "val_rmse_log10": 0.9271276593208313,
      "val_spearman": 0.759526789188385
    },
    {
      "epoch": 10,
      "epoch_time_s": 9.52,
      "train_grad_norm_output": 0.1522315076675064,
      "train_loss": 0.03407803364098072,
      "train_loss_mhcflurry": 0.03407803364098072,
      "val_accuracy": 0.8401051759719849,
      "val_auprc": 0.8277537226676941,
      "val_auroc": 0.9113454818725586,
      "val_balanced_accuracy": 0.8335018157958984,
      "val_f1": 0.7798618009842454,
      "val_loss": 0.033355060307418596,
      "val_n_samples": 4184,
      "val_pearson": 0.7807824015617371,
      "val_precision": 0.7504749894142151,
      "val_recall": 0.8116438388824463,
      "val_rmse_log10": 0.9233136773109436,
      "val_spearman": 0.7665598392486572
    },
    {
      "epoch": 11,
      "epoch_time_s": 9.42,
      "train_grad_norm_output": 0.15515225311351377,
      "train_loss": 0.03460604395688504,
      "train_loss_mhcflurry": 0.03460604395688504,
      "val_accuracy": 0.8326959609985352,
      "val_auprc": 0.8328723311424255,
      "val_auroc": 0.9113386273384094,
      "val_balanced_accuracy": 0.7934865951538086,
      "val_f1": 0.734647446259022,
      "val_loss": 0.03485844739000587,