{
  "config": {
    "assay_mode": "additive",
    "batch_size": 256,
    "cond_id": 22,
    "device": "cuda",
    "embed_dim": 512,
    "epochs": 20,
    "head_type": "mhcflurry",
    "label": "c22_mhcflurry_additive_max100k_d512",
    "lr": 0.001,
    "max_nM": 100000,
    "n_bins": 128,
    "n_heads": 4,
    "n_layers": 2,
    "n_params": 4455186,
    "probe_alleles": [
      "HLA-A*02:01",
      "HLA-A*24:02",
      "HLA-A*03:01",
      "HLA-A*11:01",
      "HLA-A*01:01",
      "HLA-B*07:02",
      "HLA-B*44:02"
    ],
    "seed": 42,
    "sigma_mult": 0.75,
    "test_rows": 4060,
    "train_rows": 32805,
    "val_rows": 4184
  },
  "epoch_summaries": [
    {
      "epoch": 1,
      "epoch_time_s": 10.96,
      "train_grad_norm_output": 0.08875717494145845,
      "train_loss": 0.061871433024143066,
      "train_loss_mhcflurry": 0.061871433024143066,
      "val_accuracy": 0.8016252517700195,
      "val_auprc": 0.7865091562271118,
      "val_auroc": 0.8723840117454529,
      "val_balanced_accuracy": 0.7602488398551941,
      "val_f1": 0.6867924624518085,
      "val_loss": 0.03983168150572216,
      "val_n_samples": 4184,
      "val_pearson": 0.710483968257904,
      "val_precision": 0.7647058963775635,
      "val_recall": 0.6232876777648926,
      "val_rmse_log10": 1.029018759727478,
      "val_spearman": 0.6958293914794922
    },
    {
      "epoch": 2,
      "epoch_time_s": 9.55,
      "train_grad_norm_output": 0.11797588942355888,
      "train_loss": 0.037977141306497327,
      "train_loss_mhcflurry": 0.037977141306497327,
      "val_accuracy": 0.8123804926872253,
      "val_auprc": 0.7968848347663879,
      "val_auroc": 0.8894737958908081,
      "val_balanced_accuracy": 0.8093491792678833,
      "val_f1": 0.7483167650290526,
      "val_loss": 0.036040361751528346,
      "val_n_samples": 4184,
      "val_pearson": 0.7436636686325073,
      "val_precision": 0.7034357786178589,
      "val_recall": 0.7993150949478149,
      "val_rmse_log10": 0.9797945022583008,
      "val_spearman": 0.735826313495636
    },
    {
      "epoch": 3,
      "epoch_time_s": 9.16,
      "train_grad_norm_output": 0.16703934574774068,
      "train_loss": 0.034126757766849314,
      "train_loss_mhcflurry": 0.034126757766849314,
      "val_accuracy": 0.8410611748695374,
      "val_auprc": 0.8215444087982178,
      "val_auroc": 0.9030172824859619,
      "val_balanced_accuracy": 0.8258136808872223,
      "val_f1": 0.7729600404231536,
      "val_loss": 0.0322475193944924,
      "val_n_samples": 4184,
      "val_pearson": 0.7745397686958313,
      "val_precision": 0.770592212677002,
      "val_recall": 0.7753424644470215,
      "val_rmse_log10": 0.9285789132118225,
      "val_spearman": 0.7577118873596191
    },
    {
      "epoch": 4,
      "epoch_time_s": 9.5,
      "train_grad_norm_output": 0.1554949278401774,
      "train_loss": 0.031676757517595626,
      "train_loss_mhcflurry": 0.031676757517595626,
      "val_accuracy": 0.8369981050491333,
      "val_auprc": 0.8262832164764404,
      "val_auroc": 0.9104426503181458,
      "val_balanced_accuracy": 0.8212630450725555,
      "val_f1": 0.767076517809382,
      "val_loss": 0.031537448220393234,
      "val_n_samples": 4184,
      "val_pearson": 0.7770597338676453,
      "val_precision": 0.7649863958358765,
      "val_recall": 0.7691780924797058,
      "val_rmse_log10": 0.9151703119277954,
      "val_spearman": 0.7594124674797058
    },
    {
      "epoch": 5,
      "epoch_time_s": 9.75,
      "train_grad_norm_output": 0.14361103000335915,
      "train_loss": 0.031235778559894525,
      "train_loss_mhcflurry": 0.031235778559894525,
      "val_accuracy": 0.8181166052818298,
      "val_auprc": 0.8091496229171753,
      "val_auroc": 0.9056719541549683,
      "val_balanced_accuracy": 0.7748209834098816,
      "val_f1": 0.707869480754685,
      "val_loss": 0.03486983554766459,
      "val_n_samples": 4184,
      "val_pearson": 0.7617136836051941,
      "val_precision": 0.8052401542663574,
      "val_recall": 0.6315068602561951,
      "val_rmse_log10": 0.9657309651374817,
      "val_spearman": 0.7479456067085266
    },
    {
      "epoch": 6,
      "epoch_time_s": 10.38,
      "train_grad_norm_output": 0.14375703790506653,
      "train_loss": 0.03164965916396111,
      "train_loss_mhcflurry": 0.03164965916396111,
      "val_accuracy": 0.82719886302948,
      "val_auprc": 0.8267917037010193,
      "val_auroc": 0.907200038433075,
      "val_balanced_accuracy": 0.8235899209976196,
      "val_f1": 0.7662463641693458,
      "val_loss": 0.03189855523626594,
      "val_n_samples": 4184,
      "val_pearson": 0.7787606716156006,
      "val_precision": 0.7256582975387573,
      "val_recall": 0.8116438388824463,
      "val_rmse_log10": 0.9237789511680603,
      "val_spearman": 0.7636588215827942
    },
    {
      "epoch": 7,
      "epoch_time_s": 9.91,
      "train_grad_norm_output": 0.14836745224026746,
      "train_loss": 0.031066025123577708,
      "train_loss_mhcflurry": 0.031066025123577708,
      "val_accuracy": 0.8372371196746826,
      "val_auprc": 0.8304229974746704,
      "val_auroc": 0.9118975400924683,
      "val_balanced_accuracy": 0.8359076082706451,
      "val_f1": 0.7809584903891076,
      "val_loss": 0.03116218329352491,
      "val_n_samples": 4184,
      "val_pearson": 0.7871532440185547,
      "val_precision": 0.7362037301063538,
      "val_recall": 0.8315068483352661,
      "val_rmse_log10": 0.9082404375076294,
      "val_spearman": 0.7708284854888916
    },
    {
      "epoch": 8,
      "epoch_time_s": 9.69,
      "train_grad_norm_output": 0.1382665214554746,
      "train_loss": 0.03187515404681827,
      "train_loss_mhcflurry": 0.03187515404681827,
      "val_accuracy": 0.8358030319213867,
      "val_auprc": 0.8195366263389587,
      "val_auroc": 0.9099844694137573,
      "val_balanced_accuracy": 0.8279730677604675,
      "val_f1": 0.7731924978888062,
      "val_loss": 0.03054627272136071,
      "val_n_samples": 4184,
      "val_pearson": 0.784022867679596,
      "val_precision": 0.7463352680206299,
      "val_recall": 0.8020548224449158,
      "val_rmse_log10": 0.906618595123291,
      "val_spearman": 0.7705304026603699
    },
    {
      "epoch": 9,
      "epoch_time_s": 9.57,
      "train_grad_norm_output": 0.137592074223036,
      "train_loss": 0.03132349121304907,
      "train_loss_mhcflurry": 0.03132349121304907,
      "val_accuracy": 0.8484703898429871,
      "val_auprc": 0.8402387499809265,
      "val_auroc": 0.917425274848938,
      "val_balanced_accuracy": 0.8467593789100647,
      "val_f1": 0.7948219871290271,
      "val_loss": 0.03010170512339648,
      "val_n_samples": 4184,
      "val_pearson": 0.7864340543746948,
      "val_precision": 0.7533742189407349,
      "val_recall": 0.8410958647727966,
      "val_rmse_log10": 0.8983763456344604,
      "val_spearman": 0.7747074365615845
    },
    {
      "epoch": 10,
      "epoch_time_s": 9.61,
      "train_grad_norm_output": 0.14267683367049971,
      "train_loss": 0.031183927485993666,
      "train_loss_mhcflurry": 0.031183927485993666,
      "val_accuracy": 0.8534894585609436,
      "val_auprc": 0.83884197473526,
      "val_auroc": 0.9193982481956482,
      "val_balanced_accuracy": 0.8479125201702118,
      "val_f1": 0.7980230573888948,
      "val_loss": 0.029944546082440543,
      "val_n_samples": 4184,
      "val_pearson": 0.7858541011810303,
      "val_precision": 0.7688888907432556,
      "val_recall": 0.8294520378112793,
      "val_rmse_log10": 0.8989744782447815,
      "val_spearman": 0.769569993019104
    },
    {
      "epoch": 11,
      "epoch_time_s": 9.73,
      "train_grad_norm_output": 0.14065055344109387,
      "train_loss": 0.035725978990049326,
      "train_loss_mhcflurry": 0.035725978990049326,
      "val_accuracy": 0.8044933080673218,
      "val_auprc": 0.7714251279830933,
      "val_auroc": 0.8736104965209961,
      "val_balanced_accuracy": 0.7819976806640625,
      "val_f1": 0.7163661718359357,
      "val_loss": 0.039306468056405294,