{
  "config": {
    "assay_mode": "additive",
    "batch_size": 256,
    "cond_id": 23,
    "device": "cuda",
    "embed_dim": 512,
    "epochs": 20,
    "head_type": "mhcflurry",
    "label": "c23_mhcflurry_additive_max125k_d512",
    "lr": 0.001,
    "max_nM": 125000,
    "n_bins": 128,
    "n_heads": 4,
    "n_layers": 2,
    "n_params": 4455186,
    "probe_alleles": [
      "HLA-A*02:01",
      "HLA-A*24:02",
      "HLA-A*03:01",
      "HLA-A*11:01",
      "HLA-A*01:01",
      "HLA-B*07:02",
      "HLA-B*44:02"
    ],
    "seed": 42,
    "sigma_mult": 0.75,
    "test_rows": 4060,
    "train_rows": 32805,
    "val_rows": 4184
  },
  "epoch_summaries": [
    {
      "epoch": 1,
      "epoch_time_s": 10.67,
      "train_grad_norm_output": 0.09250816421280074,
      "train_loss": 0.059640135500551195,
      "train_loss_mhcflurry": 0.059640135500551195,
      "val_accuracy": 0.793021023273468,
      "val_auprc": 0.7694116234779358,
      "val_auroc": 0.8695315718650818,
      "val_balanced_accuracy": 0.749509185552597,
      "val_f1": 0.6712224857678942,
      "val_loss": 0.039391561520888525,
      "val_n_samples": 4184,
      "val_pearson": 0.7043340802192688,
      "val_precision": 0.7529812455177307,
      "val_recall": 0.6054794788360596,
      "val_rmse_log10": 1.0377705097198486,
      "val_spearman": 0.6961862444877625
    },
    {
      "epoch": 2,
      "epoch_time_s": 9.38,
      "train_grad_norm_output": 0.13077053977826306,
      "train_loss": 0.03754636190485123,
      "train_loss_mhcflurry": 0.03754636190485123,
      "val_accuracy": 0.8166825771331787,
      "val_auprc": 0.8123226165771484,
      "val_auroc": 0.8966726064682007,
      "val_balanced_accuracy": 0.8147189915180206,
      "val_f1": 0.7547169967469209,
      "val_loss": 0.0337709004388136,
      "val_n_samples": 4184,
      "val_pearson": 0.751427173614502,
      "val_precision": 0.7078584432601929,
      "val_recall": 0.8082191944122314,
      "val_rmse_log10": 0.9626421332359314,
      "val_spearman": 0.7440354824066162
    },
    {
      "epoch": 3,
      "epoch_time_s": 9.2,
      "train_grad_norm_output": 0.1710717315070851,
      "train_loss": 0.03309205676927123,
      "train_loss_mhcflurry": 0.03309205676927123,
      "val_accuracy": 0.8389101624488831,
      "val_auprc": 0.8249462246894836,
      "val_auroc": 0.9041461944580078,
      "val_balanced_accuracy": 0.8128789365291595,
      "val_f1": 0.7589413545438323,
      "val_loss": 0.03164814971387386,
      "val_n_samples": 4184,
      "val_pearson": 0.7687022089958191,
      "val_precision": 0.7941616773605347,
      "val_recall": 0.7267123460769653,
      "val_rmse_log10": 0.9373428821563721,
      "val_spearman": 0.7476732134819031
    },
    {
      "epoch": 4,
      "epoch_time_s": 9.21,
      "train_grad_norm_output": 0.14998853148878083,
      "train_loss": 0.031430305176696115,
      "train_loss_mhcflurry": 0.031430305176696115,
      "val_accuracy": 0.8307839632034302,
      "val_auprc": 0.8280678987503052,
      "val_auroc": 0.9070313572883606,
      "val_balanced_accuracy": 0.7944018542766571,
      "val_f1": 0.7354260164840308,
      "val_loss": 0.03250848200610455,
      "val_n_samples": 4184,
      "val_pearson": 0.7640078067779541,
      "val_precision": 0.8092105388641357,
      "val_recall": 0.6739726066589355,
      "val_rmse_log10": 0.9486969113349915,
      "val_spearman": 0.7461522817611694
    },
    {
      "epoch": 5,
      "epoch_time_s": 9.56,
      "train_grad_norm_output": 0.15674974613411483,
      "train_loss": 0.03180472161476464,
      "train_loss_mhcflurry": 0.03180472161476464,
      "val_accuracy": 0.8300669193267822,
      "val_auprc": 0.821042001247406,
      "val_auroc": 0.9070773720741272,
      "val_balanced_accuracy": 0.7921031713485718,
      "val_f1": 0.7324049583705668,
      "val_loss": 0.03219645273159532,
      "val_n_samples": 4184,
      "val_pearson": 0.775370180606842,
      "val_precision": 0.8128654956817627,
      "val_recall": 0.6664383411407471,
      "val_rmse_log10": 0.9451830387115479,
      "val_spearman": 0.757703423500061
    },
    {
      "epoch": 6,
      "epoch_time_s": 9.81,
      "train_grad_norm_output": 0.1389529345224994,
      "train_loss": 0.031950459692829336,
      "train_loss_mhcflurry": 0.031950459692829336,
      "val_accuracy": 0.8236137628555298,
      "val_auprc": 0.8100820779800415,
      "val_auroc": 0.9001805186271667,
      "val_balanced_accuracy": 0.8071701526641846,
      "val_f1": 0.7486376155621055,
      "val_loss": 0.03236095892155871,
      "val_n_samples": 4184,
      "val_pearson": 0.7569864392280579,
      "val_precision": 0.7445799708366394,
      "val_recall": 0.7527397274971008,
      "val_rmse_log10": 0.9514213800430298,
      "val_spearman": 0.7459948062896729
    },
    {
      "epoch": 7,
      "epoch_time_s": 9.45,
      "train_grad_norm_output": 0.158480314956617,
      "train_loss": 0.0320405480271393,
      "train_loss_mhcflurry": 0.0320405480271393,
      "val_accuracy": 0.8257648348808289,
      "val_auprc": 0.7951560616493225,
      "val_auroc": 0.8960840106010437,
      "val_balanced_accuracy": 0.8228063881397247,
      "val_f1": 0.7650660438086837,
      "val_loss": 0.032731434659046287,
      "val_n_samples": 4184,
      "val_pearson": 0.7588075399398804,
      "val_precision": 0.7224588990211487,
      "val_recall": 0.8130136728286743,
      "val_rmse_log10": 0.9529737234115601,
      "val_spearman": 0.7496556043624878
    },
    {
      "epoch": 8,
      "epoch_time_s": 9.32,
      "train_grad_norm_output": 0.15235764871156493,
      "train_loss": 0.0318888711577007,
      "train_loss_mhcflurry": 0.0318888711577007,
      "val_accuracy": 0.8432122468948364,
      "val_auprc": 0.8341675400733948,
      "val_auroc": 0.9161858558654785,
      "val_balanced_accuracy": 0.83636474609375,
      "val_f1": 0.783641177469045,
      "val_loss": 0.028897355639320964,
      "val_n_samples": 4184,
      "val_pearson": 0.7940914034843445,
      "val_precision": 0.7557252049446106,
      "val_recall": 0.8136986494064331,
      "val_rmse_log10": 0.8911982178688049,
      "val_spearman": 0.7771615982055664
    },
    {
      "epoch": 9,
      "epoch_time_s": 9.14,
      "train_grad_norm_output": 0.13600388541817665,
      "train_loss": 0.031156219455391862,
      "train_loss_mhcflurry": 0.031156219455391862,
      "val_accuracy": 0.8238527774810791,
      "val_auprc": 0.8159633278846741,
      "val_auroc": 0.9055354595184326,
      "val_balanced_accuracy": 0.8284890055656433,
      "val_f1": 0.7697594337356954,
      "val_loss": 0.03318138595889596,
      "val_n_samples": 4184,
      "val_pearson": 0.770524799823761,
      "val_precision": 0.7076392769813538,
      "val_recall": 0.8438355922698975,
      "val_rmse_log10": 0.9532206654548645,
      "val_spearman": 0.7598202228546143
    },
    {
      "epoch": 10,
      "epoch_time_s": 9.31,
      "train_grad_norm_output": 0.13971231057662373,
      "train_loss": 0.03096880576060724,
      "train_loss_mhcflurry": 0.03096880576060724,
      "val_accuracy": 0.8386711478233337,
      "val_auprc": 0.8177027106285095,
      "val_auroc": 0.9090155363082886,
      "val_balanced_accuracy": 0.8220711946487427,
      "val_f1": 0.7684391181561111,
      "val_loss": 0.030950314858380484,
      "val_n_samples": 4184,
      "val_pearson": 0.7713552713394165,
      "val_precision": 0.769759476184845,
      "val_recall": 0.767123281955719,
      "val_rmse_log10": 0.9303017258644104,
      "val_spearman": 0.7563504576683044
    },
    {
      "epoch": 11,
      "epoch_time_s": 9.52,
      "train_grad_norm_output": 0.136914324679578,
      "train_loss": 0.033017029956907265,
      "train_loss_mhcflurry": 0.033017029956907265,
      "val_accuracy": 0.8305449485778809,
      "val_auprc": 0.8127860426902771,
      "val_auroc": 0.9009841680526733,
      "val_balanced_accuracy": 0.8126521110534668,
      "val_f1": 0.7562736315214726,
      "val_loss": 0.032579105183043904,