{
  "config": {
    "assay_mode": "additive",
    "batch_size": 256,
    "cond_id": 24,
    "device": "cuda",
    "embed_dim": 512,
    "epochs": 20,
    "head_type": "mhcflurry",
    "label": "c24_mhcflurry_additive_max150k_d512",
    "lr": 0.001,
    "max_nM": 150000,
    "n_bins": 128,
    "n_heads": 4,
    "n_layers": 2,
    "n_params": 4455186,
    "probe_alleles": [
      "HLA-A*02:01",
      "HLA-A*24:02",
      "HLA-A*03:01",
      "HLA-A*11:01",
      "HLA-A*01:01",
      "HLA-B*07:02",
      "HLA-B*44:02"
    ],
    "seed": 42,
    "sigma_mult": 0.75,
    "test_rows": 4060,
    "train_rows": 32805,
    "val_rows": 4184
  },
  "epoch_summaries": [
    {
      "epoch": 1,
      "epoch_time_s": 10.37,
      "train_grad_norm_output": 0.08597039766320887,
      "train_loss": 0.05792084229431411,
      "train_loss_mhcflurry": 0.05792084229431411,
      "val_accuracy": 0.7989961504936218,
      "val_auprc": 0.7840989828109741,
      "val_auroc": 0.8689160943031311,
      "val_balanced_accuracy": 0.7488539218902588,
      "val_f1": 0.6692882656917789,
      "val_loss": 0.03941218916545896,
      "val_n_samples": 4184,
      "val_pearson": 0.6998307108879089,
      "val_precision": 0.7857802510261536,
      "val_recall": 0.5828767418861389,
      "val_rmse_log10": 1.054824709892273,
      "val_spearman": 0.6853946447372437
    },
    {
      "epoch": 2,
      "epoch_time_s": 9.35,
      "train_grad_norm_output": 0.10641395071044911,
      "train_loss": 0.03880454952171607,
      "train_loss_mhcflurry": 0.03880454952171607,
      "val_accuracy": 0.8152485489845276,
      "val_auprc": 0.8136255145072937,
      "val_auroc": 0.8979067206382751,
      "val_balanced_accuracy": 0.8221989274024963,
      "val_f1": 0.7614933759445345,
      "val_loss": 0.035045509829240686,
      "val_n_samples": 4184,
      "val_pearson": 0.7457537055015564,
      "val_precision": 0.6928691864013672,
      "val_recall": 0.8452054858207703,
      "val_rmse_log10": 0.9939485192298889,
      "val_spearman": 0.7442445755004883
    },
    {
      "epoch": 3,
      "epoch_time_s": 9.55,
      "train_grad_norm_output": 0.13778213518419008,
      "train_loss": 0.03227609564918418,
      "train_loss_mhcflurry": 0.03227609564918418,
      "val_accuracy": 0.8401051759719849,
      "val_auprc": 0.8267344236373901,
      "val_auroc": 0.9047082662582397,
      "val_balanced_accuracy": 0.8131610453128815,
      "val_f1": 0.7596119347278961,
      "val_loss": 0.03059323745615342,
      "val_n_samples": 4184,
      "val_pearson": 0.7727788090705872,
      "val_precision": 0.7989417910575867,
      "val_recall": 0.7239726185798645,
      "val_rmse_log10": 0.9373049736022949,
      "val_spearman": 0.7577979564666748
    },
    {
      "epoch": 4,
      "epoch_time_s": 9.17,
      "train_grad_norm_output": 0.13840757271404877,
      "train_loss": 0.03057512776680695,
      "train_loss_mhcflurry": 0.03057512776680695,
      "val_accuracy": 0.8209847211837769,
      "val_auprc": 0.8375586867332458,
      "val_auroc": 0.9090068936347961,
      "val_balanced_accuracy": 0.773845374584198,
      "val_f1": 0.7066196574949813,
      "val_loss": 0.03332024922265726,
      "val_n_samples": 4184,
      "val_pearson": 0.7691295742988586,
      "val_precision": 0.825251579284668,
      "val_recall": 0.6178082227706909,
      "val_rmse_log10": 0.9768741130828857,
      "val_spearman": 0.7546034455299377
    },
    {
      "epoch": 5,
      "epoch_time_s": 9.16,
      "train_grad_norm_output": 0.13527710545201635,
      "train_loss": 0.029519798017518466,
      "train_loss_mhcflurry": 0.029519798017518466,
      "val_accuracy": 0.8465583324432373,
      "val_auprc": 0.8491026759147644,
      "val_auroc": 0.9192620515823364,
      "val_balanced_accuracy": 0.8403646945953369,
      "val_f1": 0.7885375650236119,
      "val_loss": 0.02765391849200515,
      "val_n_samples": 4184,
      "val_pearson": 0.7957563996315002,
      "val_precision": 0.7595177888870239,
      "val_recall": 0.8198630213737488,
      "val_rmse_log10": 0.8911566138267517,
      "val_spearman": 0.7796362638473511
    },
    {
      "epoch": 6,
      "epoch_time_s": 10.29,
      "train_grad_norm_output": 0.13006273062192192,
      "train_loss": 0.027995771706797356,
      "train_loss_mhcflurry": 0.027995771706797356,
      "val_accuracy": 0.8300669193267822,
      "val_auprc": 0.8329330682754517,
      "val_auroc": 0.9117866158485413,
      "val_balanced_accuracy": 0.8332614004611969,
      "val_f1": 0.7760629767941131,
      "val_loss": 0.0294235331718536,
      "val_n_samples": 4184,
      "val_pearson": 0.7883529663085938,
      "val_precision": 0.718367338180542,
      "val_recall": 0.8438355922698975,
      "val_rmse_log10": 0.913152277469635,
      "val_spearman": 0.7759444117546082
    },
    {
      "epoch": 7,
      "epoch_time_s": 10.04,
      "train_grad_norm_output": 0.12726158660280612,
      "train_loss": 0.028286389558929807,
      "train_loss_mhcflurry": 0.028286389558929807,
      "val_accuracy": 0.8417782187461853,
      "val_auprc": 0.8386951684951782,
      "val_auroc": 0.9177825450897217,
      "val_balanced_accuracy": 0.8241395652294159,
      "val_f1": 0.7715665970973647,
      "val_loss": 0.027245454106699016,
      "val_n_samples": 4184,
      "val_pearson": 0.7942290902137756,
      "val_precision": 0.7774686813354492,
      "val_recall": 0.765753448009491,
      "val_rmse_log10": 0.8882083296775818,
      "val_spearman": 0.7778229713439941
    },
    {
      "epoch": 8,
      "epoch_time_s": 10.61,
      "train_grad_norm_output": 0.12344038148605546,
      "train_loss": 0.02857072836206865,
      "train_loss_mhcflurry": 0.02857072836206865,
      "val_accuracy": 0.822418749332428,
      "val_auprc": 0.826278030872345,
      "val_auroc": 0.9083823561668396,
      "val_balanced_accuracy": 0.8253218531608582,
      "val_f1": 0.7664256413451893,
      "val_loss": 0.030889682800454253,
      "val_n_samples": 4184,
      "val_pearson": 0.783604085445404,
      "val_precision": 0.7083091139793396,
      "val_recall": 0.834931492805481,
      "val_rmse_log10": 0.9357917904853821,
      "val_spearman": 0.7732349038124084
    },
    {
      "epoch": 9,
      "epoch_time_s": 9.4,
      "train_grad_norm_output": 0.14017827271722083,
      "train_loss": 0.029200346187450165,
      "train_loss_mhcflurry": 0.029200346187450165,
      "val_accuracy": 0.8434512615203857,
      "val_auprc": 0.8430786728858948,
      "val_auroc": 0.9177119135856628,
      "val_balanced_accuracy": 0.848943442106247,
      "val_f1": 0.7944775648114308,
      "val_loss": 0.02991142956649556,
      "val_n_samples": 4184,
      "val_pearson": 0.7884923815727234,
      "val_precision": 0.7330631017684937,
      "val_recall": 0.8671233057975769,
      "val_rmse_log10": 0.917662501335144,
      "val_spearman": 0.7756178379058838
    },
    {
      "epoch": 10,
      "epoch_time_s": 9.24,
      "train_grad_norm_output": 0.13868633683684262,
      "train_loss": 0.02883060932043911,
      "train_loss_mhcflurry": 0.02883060932043911,
      "val_accuracy": 0.84560227394104,
      "val_auprc": 0.8433968424797058,
      "val_auroc": 0.9203227758407593,
      "val_balanced_accuracy": 0.8210377395153046,
      "val_f1": 0.7697790284305753,
      "val_loss": 0.02823809939710533,
      "val_n_samples": 4184,
      "val_pearson": 0.7905150055885315,
      "val_precision": 0.8023774027824402,
      "val_recall": 0.7397260069847107,
      "val_rmse_log10": 0.9072512984275818,
      "val_spearman": 0.7702677249908447
    },
    {
      "epoch": 11,
      "epoch_time_s": 9.06,
      "train_grad_norm_output": 0.15906135154555934,
      "train_loss": 0.02909456153017606,
      "train_loss_mhcflurry": 0.02909456153017606,
      "val_accuracy": 0.8448852896690369,
      "val_auprc": 0.8478240370750427,
      "val_auroc": 0.9196628332138062,
      "val_balanced_accuracy": 0.827955961227417,
      "val_f1": 0.776438163093729,
      "val_loss": 0.027416692553635907,