{
  "config": {
    "assay_mode": "additive",
    "batch_size": 256,
    "cond_id": 8,
    "device": "cuda",
    "embed_dim": 128,
    "epochs": 20,
    "head_type": "gaussian",
    "label": "c08_gaussian_additive_max250k",
    "lr": 0.001,
    "max_nM": 250000,
    "n_bins": 128,
    "n_heads": 4,
    "n_layers": 2,
    "n_params": 304723,
    "probe_alleles": [
      "HLA-A*02:01",
      "HLA-A*24:02",
      "HLA-A*03:01",
      "HLA-A*11:01",
      "HLA-A*01:01",
      "HLA-B*07:02",
      "HLA-B*44:02"
    ],
    "seed": 42,
    "sigma_mult": 0.75,
    "test_rows": 4060,
    "train_rows": 32805,
    "val_rows": 4184
  },
  "epoch_summaries": [
    {
      "epoch": 1,
      "epoch_time_s": 5.72,
      "train_grad_norm_output": 2.4369608212926592,
      "train_loss": 3.2408231099446616,
      "train_loss_censor_nll": 1.9058860249297565,
      "train_loss_gaussian_nll": 3.723847374435543,
      "train_mean_sigma": 11.843659930450972,
      "train_n_censored": 67.51162790697674,
      "train_n_exact": 186.7906976744186,
      "val_accuracy": 0.3489483892917633,
      "val_auprc": 0.2987487316131592,
      "val_auroc": 0.4338759481906891,
      "val_balanced_accuracy": 0.5,
      "val_f1": 0.5173635879056444,
      "val_loss": 2.9310187732472137,
      "val_n_samples": 4184,
      "val_pearson": 0.0,
      "val_precision": 0.3489483892917633,
      "val_recall": 1.0,
      "val_rmse_log10": 6.342550277709961,
      "val_spearman": -0.1225406602025032
    },
    {
      "epoch": 2,
      "epoch_time_s": 4.3,
      "train_grad_norm_output": 0.7993370566026184,
      "train_loss": 2.8424206981363223,
      "train_loss_censor_nll": 1.4357188348622285,
      "train_loss_gaussian_nll": 3.3504069609235425,
      "train_mean_sigma": 11.25604394609614,
      "train_n_censored": 67.51162790697674,
      "train_n_exact": 186.7906976744186,
      "val_accuracy": 0.7375717163085938,
      "val_auprc": 0.6531919240951538,
      "val_auroc": 0.7700463533401489,
      "val_balanced_accuracy": 0.6662432253360748,
      "val_f1": 0.5335598850250347,
      "val_loss": 2.14541662791196,
      "val_n_samples": 4184,
      "val_pearson": 0.48227062821388245,
      "val_precision": 0.7024608254432678,
      "val_recall": 0.4301369786262512,
      "val_rmse_log10": 1.2910377979278564,
      "val_spearman": 0.5111874341964722
    },
    {
      "epoch": 3,
      "epoch_time_s": 3.84,
      "train_grad_norm_output": 1.9344167041686153,
      "train_loss": 2.0111008864040523,
      "train_loss_censor_nll": 0.7018965868524802,
      "train_loss_gaussian_nll": 2.482264234114063,
      "train_mean_sigma": 3.0725763768188714,
      "train_n_censored": 67.51162790697674,
      "train_n_exact": 186.7906976744186,
      "val_accuracy": 0.7925429940223694,
      "val_auprc": 0.7655287981033325,
      "val_auroc": 0.8500440716743469,
      "val_balanced_accuracy": 0.7537505328655243,
      "val_f1": 0.6778025495670928,
      "val_loss": 1.9399791780640097,
      "val_n_samples": 4184,
      "val_pearson": 0.6634035706520081,
      "val_precision": 0.7398703694343567,
      "val_recall": 0.6253424882888794,
      "val_rmse_log10": 1.165547490119934,
      "val_spearman": 0.6622005105018616
    },
    {
      "epoch": 4,
      "epoch_time_s": 3.92,
      "train_grad_norm_output": 1.6700702834036922,
      "train_loss": 1.907040467557981,
      "train_loss_censor_nll": 0.6608736531216969,
      "train_loss_gaussian_nll": 2.35790342693181,
      "train_mean_sigma": 2.7586506152337837,
      "train_n_censored": 67.51162790697674,
      "train_n_exact": 186.7906976744186,
      "val_accuracy": 0.8205066919326782,
      "val_auprc": 0.8160555362701416,
      "val_auroc": 0.8887752890586853,
      "val_balanced_accuracy": 0.782059520483017,
      "val_f1": 0.7179872175947395,
      "val_loss": 1.8424290383563322,
      "val_n_samples": 4184,
      "val_pearson": 0.7323369979858398,
      "val_precision": 0.7946799397468567,
      "val_recall": 0.6547945141792297,
      "val_rmse_log10": 1.1029081344604492,
      "val_spearman": 0.7215587496757507
    },
    {
      "epoch": 5,
      "epoch_time_s": 4.01,
      "train_grad_norm_output": 1.759979638480401,
      "train_loss": 1.807810763055964,
      "train_loss_censor_nll": 0.5545656410760658,
      "train_loss_gaussian_nll": 2.2618986728579498,
      "train_mean_sigma": 2.414544142493906,
      "train_n_censored": 67.51162790697674,
      "train_n_exact": 186.7906976744186,
      "val_accuracy": 0.8405831456184387,
      "val_auprc": 0.8358651399612427,
      "val_auroc": 0.9090996980667114,
      "val_balanced_accuracy": 0.8105088174343109,
      "val_f1": 0.7568355832401361,
      "val_loss": 1.781027450281031,
      "val_n_samples": 4184,
      "val_pearson": 0.7644833326339722,
      "val_precision": 0.8090413212776184,
      "val_recall": 0.7109588980674744,
      "val_rmse_log10": 1.061657190322876,
      "val_spearman": 0.7551953196525574
    },
    {
      "epoch": 6,
      "epoch_time_s": 3.81,
      "train_grad_norm_output": 1.5011816246564997,
      "train_loss": 1.7464356801306555,
      "train_loss_censor_nll": 0.4996319267638894,
      "train_loss_gaussian_nll": 2.1990040808685065,
      "train_mean_sigma": 2.219089859215788,
      "train_n_censored": 67.51162790697674,
      "train_n_exact": 186.7906976744186,
      "val_accuracy": 0.8343690037727356,
      "val_auprc": 0.8525285720825195,
      "val_auroc": 0.9177157878875732,
      "val_balanced_accuracy": 0.7922288775444031,
      "val_f1": 0.7333589591496876,
      "val_loss": 1.783728045575759,
      "val_n_samples": 4184,
      "val_pearson": 0.784815788269043,
      "val_precision": 0.8366988301277161,
      "val_recall": 0.6527397036552429,
      "val_rmse_log10": 1.086258053779602,
      "val_spearman": 0.7690427899360657
    },
    {
      "epoch": 7,
      "epoch_time_s": 3.83,
      "train_grad_norm_output": 1.443360615608304,
      "train_loss": 1.7188016296357147,
      "train_loss_censor_nll": 0.4807923202828843,
      "train_loss_gaussian_nll": 2.164053756137227,
      "train_mean_sigma": 2.129251336866571,
      "train_n_censored": 67.51162790697674,
      "train_n_exact": 186.7906976744186,
      "val_accuracy": 0.8291109204292297,
      "val_auprc": 0.838499903678894,
      "val_auroc": 0.9078769683837891,
      "val_balanced_accuracy": 0.7783381640911102,
      "val_f1": 0.7136563709636663,
      "val_loss": 1.819160068736357,
      "val_n_samples": 4184,
      "val_pearson": 0.7832764387130737,
      "val_precision": 0.8592092394828796,
      "val_recall": 0.6102739572525024,
      "val_rmse_log10": 1.1317048072814941,
      "val_spearman": 0.7658013105392456
    },
    {
      "epoch": 8,
      "epoch_time_s": 4.29,
      "train_grad_norm_output": 1.4436753059542455,
      "train_loss": 1.6934337652930918,
      "train_loss_censor_nll": 0.4534765827332356,
      "train_loss_gaussian_nll": 2.1435075138890465,
      "train_mean_sigma": 2.075728543969088,
      "train_n_censored": 67.51162790697674,
      "train_n_exact": 186.7906976744186,
      "val_accuracy": 0.8549235463142395,
      "val_auprc": 0.8542715311050415,
      "val_auroc": 0.9251022934913635,
      "val_balanced_accuracy": 0.8337582647800446,
      "val_f1": 0.7860415993477451,
      "val_loss": 1.736982878516702,
      "val_n_samples": 4184,
      "val_pearson": 0.795552670955658,
      "val_precision": 0.8097313046455383,
      "val_recall": 0.7636986374855042,
      "val_rmse_log10": 0.9788535237312317,
      "val_spearman": 0.7848241329193115
    },
    {
      "epoch": 9,
      "epoch_time_s": 3.82,
      "train_grad_norm_output": 1.4889829990475676,
      "train_loss": 1.6630079265712767,
      "train_loss_censor_nll": 0.44085001957046893,
      "train_loss_gaussian_nll": 2.104172701059386,
      "train_mean_sigma": 1.9910710430884546,
      "train_n_censored": 67.51162790697674,
      "train_n_exact": 186.7906976744186,
      "val_accuracy": 0.8489483594894409,