{
  "best_by_test_spearman": {
    "assay_mode": "additive",
    "batch_size": 256,
    "best_val_loss": 0.025500355288386345,
    "best_val_loss_epoch": 25,
    "best_val_spearman": 0.8451930284500122,
    "best_val_spearman_epoch": 39,
    "cond_id": 2,
    "content_conditioned": false,
    "device": "cuda",
    "display_label": "c02_mhcflurry_additive_max100k_d32 [dist-ba-v6-confirm-groove_c02-c02-cc0-e050-s43]",
    "embed_dim": 32,
    "encoder_backbone": "groove",
    "epochs": 50,
    "final_epoch": 50,
    "final_val_loss": 0.026186626171693206,
    "final_val_spearman": 0.8435834050178528,
    "head_type": "mhcflurry",
    "init_checkpoint": null,
    "label": "c02_mhcflurry_additive_max100k_d32",
    "lr": 0.001,
    "max_nM": 100000,
    "mean_epoch_s": 1.765,
    "measurement_profile": "numeric_no_qualitative",
    "n_bins": 128,
    "n_heads": 4,
    "n_layers": 2,
    "n_params": 54803,
    "probe_alleles": "[\"HLA-A*02:01\", \"HLA-A*24:02\"]",
    "run_id": "dist-ba-v6-confirm-groove_c02-c02-cc0-e050-s43",
    "seed": 43,
    "sigma_mult": 0.75,
    "test_accuracy": 0.86753249168396,
    "test_auprc": 0.9176137447357178,
    "test_auroc": 0.9441186189651489,
    "test_balanced_accuracy": 0.8624842464923859,
    "test_f1": 0.8334421981103048,
    "test_loss": 0.023746506310999393,
    "test_pearson": 0.8544037342071533,
    "test_precision": 0.8285714387893677,
    "test_recall": 0.8383705615997314,
    "test_rmse_log10": 0.8186734318733215,
    "test_rows": 1925,
    "test_spearman": 0.8541390299797058,
    "train_rows": 15465,
    "val_rows": 1974,
    "warm_start": null
  },
  "experiment_dir": "/Users/iskander/code/presto/experiments/2026-03-15_1226_codex_exp21-seed-epoch-confirmation",
  "n_conditions": 36
}
