{
  "best_epoch": 10,
  "best_val_loss": 3.080903032246758,
  "config": {
    "assay_mode": "d2_logit",
    "batch_size": 256,
    "cond_id": 7,
    "device": "cuda",
    "embed_dim": 128,
    "epochs": 10,
    "ff_dim": 128,
    "head_type": "twohot",
    "label": "c07_twohot_d2_logit_max200k_K64",
    "lr": 0.0001,
    "lr_schedule": "warmup_cosine",
    "max_nM": 200000,
    "max_records": 0,
    "min_lr_scale": 0.1,
    "n_bins": 64,
    "n_heads": 4,
    "n_layers": 2,
    "n_params": 318768,
    "probe_alleles": [
      "HLA-A*02:01",
      "HLA-A*24:02",
      "HLA-A*03:01",
      "HLA-A*11:01",
      "HLA-A*01:01",
      "HLA-B*07:02",
      "HLA-B*44:02"
    ],
    "probe_peptides": [
      "SLLQHLIGL",
      "FLRYLLFGI",
      "NFLIKFLLI",
      "IMLEGETKL"
    ],
    "qualifier_filter": "all",
    "seed": 42,
    "sigma_mult": 0.75,
    "test_rows": 4060,
    "train_rows": 32805,
    "val_rows": 4184,
    "warmup_fraction": 0.1,
    "weight_decay": 0.01
  },
  "epoch_summaries": [
    {
      "epoch": 1,
      "epoch_time_s": 5.092,
      "lr_end": 0.0001,
      "train_grad_norm_output": 0.30135544406813247,
      "train_grad_norm_total": 0.340905119859895,
      "train_loss": 3.476484771846801,
      "train_loss_ce": 4.204913601394772,
      "train_loss_surv": 1.4658054196557333,
      "train_lr": 5.0883720930232606e-05,
      "train_n_censored": 67.51162790697674,
      "train_n_exact": 186.7906976744186,
      "val_accuracy": 0.5199472308158875,
      "val_auprc": 0.5591922998428345,
      "val_auroc": 0.5846831798553467,
      "val_balanced_accuracy": 0.5,
      "val_coverage_90": 0.926475465297699,
      "val_entropy_error_srcc": 0.021792618557810783,
      "val_f1": 0.0,
      "val_loss": 3.397351054584279,
      "val_n_censored": 1151,
      "val_n_exact": 3033,
      "val_n_samples": 3033,
      "val_n_supervised": 4184,
      "val_pearson": 0.19239860773086548,
      "val_pit_ks": 0.21795231103897095,
      "val_precision": 0.0,
      "val_recall": 0.0,
      "val_rmse_log10": 1.5629055500030518,
      "val_spearman": 0.19531264901161194,
      "val_split": "val"
    },
    {
      "epoch": 2,
      "epoch_time_s": 3.953,
      "lr_end": 9.728616793536591e-05,
      "train_grad_norm_output": 0.40204877724019134,
      "train_grad_norm_total": 0.44141970517099366,
      "train_loss": 3.325000657591709,
      "train_loss_ce": 4.1870721384536385,
      "train_loss_surv": 0.9376486253368762,
      "train_lr": 9.908115348972895e-05,
      "train_n_censored": 67.51162790697674,
      "train_n_exact": 186.7906976744186,
      "val_accuracy": 0.6330366134643555,
      "val_auprc": 0.6351603269577026,
      "val_auroc": 0.6666343212127686,
      "val_balanced_accuracy": 0.6273267716169357,
      "val_coverage_90": 0.9343883991241455,
      "val_entropy_error_srcc": 0.0214199498295784,
      "val_f1": 0.5588585084358902,
      "val_loss": 3.270618761287016,
      "val_n_censored": 1151,
      "val_n_exact": 3033,
      "val_n_samples": 3033,
      "val_n_supervised": 4184,
      "val_pearson": 0.3499048352241516,
      "val_pit_ks": 0.1347368359565735,
      "val_precision": 0.6607310175895691,
      "val_recall": 0.4842033088207245,
      "val_rmse_log10": 1.4158753156661987,
      "val_spearman": 0.3599812686443329,
      "val_split": "val"
    },
    {
      "epoch": 3,
      "epoch_time_s": 4.015,
      "lr_end": 8.947199994035407e-05,
      "train_grad_norm_output": 0.4751381093217421,
      "train_grad_norm_total": 0.5558417409427406,
      "train_loss": 3.226156192232472,
      "train_loss_ce": 4.096200468004212,
      "train_loss_surv": 0.8184786803962648,
      "train_lr": 9.374327835246429e-05,
      "train_n_censored": 67.51162790697674,
      "train_n_exact": 186.7906976744186,
      "val_accuracy": 0.682162880897522,
      "val_auprc": 0.6921295523643494,
      "val_auroc": 0.7271274328231812,
      "val_balanced_accuracy": 0.6770978271961212,
      "val_coverage_90": 0.9248269200325012,
      "val_entropy_error_srcc": 0.04715187847614288,
      "val_f1": 0.6243179948577297,
      "val_loss": 3.193244481787962,
      "val_n_censored": 1151,
      "val_n_exact": 3033,
      "val_n_samples": 3033,
      "val_n_supervised": 4184,
      "val_pearson": 0.4657394587993622,
      "val_pit_ks": 0.14564424753189087,
      "val_precision": 0.7216216325759888,
      "val_recall": 0.5501373410224915,
      "val_rmse_log10": 1.3491886854171753,
      "val_spearman": 0.47156041860580444,
      "val_split": "val"
    },
    {
      "epoch": 4,
      "epoch_time_s": 4.021,
      "lr_end": 7.75000000000001e-05,
      "train_grad_norm_output": 0.5351127691047136,
      "train_grad_norm_total": 0.650999973448672,
      "train_loss": 3.1708861709565155,
      "train_loss_ce": 4.041706815246464,
      "train_loss_surv": 0.7578008932660717,
      "train_lr": 8.373239205600127e-05,
      "train_n_censored": 67.51162790697674,
      "train_n_exact": 186.7906976744186,
      "val_accuracy": 0.6993076205253601,
      "val_auprc": 0.7142602205276489,
      "val_auroc": 0.7466643452644348,
      "val_balanced_accuracy": 0.6956137120723724,
      "val_coverage_90": 0.9268051385879517,
      "val_entropy_error_srcc": 0.008467798121273518,
      "val_f1": 0.6581709205191497,
      "val_loss": 3.1530777286080753,
      "val_n_censored": 1151,
      "val_n_exact": 3033,
      "val_n_samples": 3033,
      "val_n_supervised": 4184,
      "val_pearson": 0.4973015785217285,
      "val_pit_ks": 0.1023944616317749,
      "val_precision": 0.7244224548339844,
      "val_recall": 0.6030219793319702,
      "val_rmse_log10": 1.2980706691741943,
      "val_spearman": 0.5061604976654053,
      "val_split": "val"
    },
    {
      "epoch": 5,
      "epoch_time_s": 4.173,
      "lr_end": 6.281416799501221e-05,
      "train_grad_norm_output": 0.5808764266413312,
      "train_grad_norm_total": 0.716841788254967,
      "train_loss": 3.1349183736845503,
      "train_loss_ce": 4.010969075121621,
      "train_loss_surv": 0.7117500422998916,
      "train_lr": 7.02559552326399e-05,
      "train_n_censored": 67.51162790697674,
      "train_n_exact": 186.7906976744186,
      "val_accuracy": 0.6989778876304626,
      "val_auprc": 0.7281079888343811,
      "val_auroc": 0.7571210861206055,
      "val_balanced_accuracy": 0.696087121963501,
      "val_coverage_90": 0.9215298295021057,
      "val_entropy_error_srcc": 0.0036752084270119667,
      "val_f1": 0.665445207082225,
      "val_loss": 3.1264923039604637,
      "val_n_censored": 1151,
      "val_n_exact": 3033,
      "val_n_samples": 3033,
      "val_n_supervised": 4184,
      "val_pearson": 0.5165210366249084,
      "val_pit_ks": 0.08592110872268677,
      "val_precision": 0.7132757306098938,
      "val_recall": 0.6236263513565063,
      "val_rmse_log10": 1.272965431213379,
      "val_spearman": 0.5248033404350281,
      "val_split": "val"
    },
    {
      "epoch": 6,
      "epoch_time_s": 4.49,
      "lr_end": 4.718583200498839e-05,
      "train_grad_norm_output": 0.5942004877467488,
      "train_grad_norm_total": 0.7410114476847094,
      "train_loss": 3.1083884239196777,
      "train_loss_ce": 3.987879906513894,
      "train_loss_surv": 0.6717882170233616,
      "train_lr": 5.493942505430254e-05,
      "train_n_censored": 67.51162790697674,
      "train_n_exact": 186.7906976744186,
      "val_accuracy": 0.7055720686912537,
      "val_auprc": 0.7388566732406616,
      "val_auroc": 0.7646739482879639,
      "val_balanced_accuracy": 0.7019803524017334,
      "val_coverage_90": 0.9202110171318054,
      "val_entropy_error_srcc": 0.02013835310935974,
      "val_f1": 0.666168240698565,
      "val_loss": 3.1063105358796963,
      "val_n_censored": 1151,
      "val_n_exact": 3033,
      "val_n_samples": 3033,
      "val_n_supervised": 4184,
      "val_pearson": 0.5295148491859436,
      "val_pit_ks": 0.09359115362167358,
      "val_precision": 0.7309269905090332,
      "val_recall": 0.6119505763053894,