{
  "config": {
    "assay_mode": "affine",
    "batch_size": 256,
    "cond_id": 9,
    "device": "cuda",
    "embed_dim": 128,
    "epochs": 20,
    "head_type": "quantile",
    "label": "c09_quantile_affine_max50k",
    "lr": 0.001,
    "max_nM": 50000,
    "n_bins": 128,
    "n_heads": 4,
    "n_layers": 2,
    "n_params": 305335,
    "probe_alleles": [
      "HLA-A*02:01",
      "HLA-A*24:02",
      "HLA-A*03:01",
      "HLA-A*11:01",
      "HLA-A*01:01",
      "HLA-B*07:02",
      "HLA-B*44:02"
    ],
    "seed": 42,
    "sigma_mult": 0.75,
    "test_rows": 4060,
    "train_rows": 32805,
    "val_rows": 4184
  },
  "epoch_summaries": [
    {
      "epoch": 1,
      "epoch_time_s": 4.94,
      "train_crossing_penalty": 0.0,
      "train_grad_norm_output": 0.8356572903346183,
      "train_loss": 0.9275721237640973,
      "train_loss_q10": 0.7224277253298796,
      "train_loss_q25": 1.0520052138225053,
      "train_loss_q50": 1.240822082804155,
      "train_loss_q75": 1.040118163408235,
      "train_loss_q90": 0.5824873190979625,
      "val_accuracy": 0.7299235463142395,
      "val_auprc": 0.6411445140838623,
      "val_auroc": 0.7850607633590698,
      "val_balanced_accuracy": 0.6675205528736115,
      "val_f1": 0.5436187296955128,
      "val_loss": 0.7541399019605973,
      "val_n_samples": 4184,
      "val_pearson": 0.5348733067512512,
      "val_precision": 0.662401556968689,
      "val_recall": 0.46095889806747437,
      "val_rmse_log10": 1.2869887351989746,
      "val_spearman": 0.5433875918388367
    },
    {
      "epoch": 2,
      "epoch_time_s": 3.99,
      "train_crossing_penalty": 0.0,
      "train_grad_norm_output": 0.6241320821550466,
      "train_loss": 0.7372538050015768,
      "train_loss_q10": 0.722609911316125,
      "train_loss_q25": 0.842530417811963,
      "train_loss_q50": 0.9441309742225233,
      "train_loss_q75": 0.8407125607017398,
      "train_loss_q90": 0.3362851038921711,
      "val_accuracy": 0.7813097238540649,
      "val_auprc": 0.7340005040168762,
      "val_auroc": 0.843071699142456,
      "val_balanced_accuracy": 0.7381313741207123,
      "val_f1": 0.6551074409914607,
      "val_loss": 0.7034685190986184,
      "val_n_samples": 4184,
      "val_pearson": 0.647044837474823,
      "val_precision": 0.7284157872200012,
      "val_recall": 0.5952054858207703,
      "val_rmse_log10": 1.1498552560806274,
      "val_spearman": 0.6305645704269409
    },
    {
      "epoch": 3,
      "epoch_time_s": 3.69,
      "train_crossing_penalty": 0.0,
      "train_grad_norm_output": 0.4891733274210331,
      "train_loss": 0.7112504969271578,
      "train_loss_q10": 0.7222995517789855,
      "train_loss_q25": 0.7762534156326175,
      "train_loss_q50": 0.8796683175619259,
      "train_loss_q75": 0.8414480894110924,
      "train_loss_q90": 0.3365830434847248,
      "val_accuracy": 0.7848948240280151,
      "val_auprc": 0.7370910048484802,
      "val_auroc": 0.8467005491256714,
      "val_balanced_accuracy": 0.7572526335716248,
      "val_f1": 0.683544290810916,
      "val_loss": 0.6973813631955315,
      "val_n_samples": 4184,
      "val_pearson": 0.6548268795013428,
      "val_precision": 0.7023121118545532,
      "val_recall": 0.6657534241676331,
      "val_rmse_log10": 1.1157329082489014,
      "val_spearman": 0.6435825228691101
    },
    {
      "epoch": 4,
      "epoch_time_s": 3.71,
      "train_crossing_penalty": 0.0,
      "train_grad_norm_output": 0.4897453978426697,
      "train_loss": 0.67598938156468,
      "train_loss_q10": 0.7228906431863474,
      "train_loss_q25": 0.7605081524035727,
      "train_loss_q50": 0.8624901240186174,
      "train_loss_q75": 0.7165878401246182,
      "train_loss_q90": 0.3174700750861057,
      "val_accuracy": 0.7848948240280151,
      "val_auprc": 0.7448904514312744,
      "val_auroc": 0.8470903038978577,
      "val_balanced_accuracy": 0.7448574900627136,
      "val_f1": 0.6651785757039967,
      "val_loss": 0.6337801060255837,
      "val_n_samples": 4184,
      "val_pearson": 0.6650920510292053,
      "val_precision": 0.7280130386352539,
      "val_recall": 0.6123287677764893,
      "val_rmse_log10": 1.1295900344848633,
      "val_spearman": 0.6490828394889832
    },
    {
      "epoch": 5,
      "epoch_time_s": 3.68,
      "train_crossing_penalty": 0.0,
      "train_grad_norm_output": 0.38863942835682125,
      "train_loss": 0.6342596485633258,
      "train_loss_q10": 0.7224099063134009,
      "train_loss_q25": 0.7470183122989743,
      "train_loss_q50": 0.8342804331188054,
      "train_loss_q75": 0.5830771433290585,
      "train_loss_q90": 0.2845123761384062,
      "val_accuracy": 0.7870458960533142,
      "val_auprc": 0.7602977156639099,
      "val_auroc": 0.8510499596595764,
      "val_balanced_accuracy": 0.763513058423996,
      "val_f1": 0.692015209346205,
      "val_loss": 0.6300237950156716,
      "val_n_samples": 4184,
      "val_pearson": 0.6744423508644104,
      "val_precision": 0.6985345482826233,
      "val_recall": 0.6856164336204529,
      "val_rmse_log10": 1.1227535009384155,
      "val_spearman": 0.6649903655052185
    },
    {
      "epoch": 6,
      "epoch_time_s": 3.63,
      "train_crossing_penalty": 0.0,
      "train_grad_norm_output": 0.36518913680730863,
      "train_loss": 0.6189133044361144,
      "train_loss_q10": 0.7229109180066012,
      "train_loss_q25": 0.7211096430009649,
      "train_loss_q50": 0.8071991353071937,
      "train_loss_q75": 0.5649234735688498,
      "train_loss_q90": 0.2784232959266781,
      "val_accuracy": 0.793021023273468,
      "val_auprc": 0.7827848196029663,
      "val_auroc": 0.8683826923370361,
      "val_balanced_accuracy": 0.735366016626358,
      "val_f1": 0.6473941523677988,
      "val_loss": 0.6186398320338306,
      "val_n_samples": 4184,
      "val_pearson": 0.6993561387062073,
      "val_precision": 0.7981927990913391,
      "val_recall": 0.5445205569267273,
      "val_rmse_log10": 1.1061809062957764,
      "val_spearman": 0.6797195076942444
    },
    {
      "epoch": 7,
      "epoch_time_s": 3.63,
      "train_crossing_penalty": 0.0,
      "train_grad_norm_output": 0.34673945882985757,
      "train_loss": 0.5984010430731515,
      "train_loss_q10": 0.7218374041623847,
      "train_loss_q25": 0.6857256528943084,
      "train_loss_q50": 0.7660330034965692,
      "train_loss_q75": 0.5450941351957099,
      "train_loss_q90": 0.2733149786097135,
      "val_accuracy": 0.8059273362159729,
      "val_auprc": 0.7971096038818359,
      "val_auroc": 0.8778735399246216,
      "val_balanced_accuracy": 0.7800796627998352,
      "val_f1": 0.7140845121596682,
      "val_loss": 0.5916565130738651,
      "val_n_samples": 4184,
      "val_pearson": 0.7262758016586304,
      "val_precision": 0.7347826361656189,
      "val_recall": 0.6945205330848694,
      "val_rmse_log10": 1.0553855895996094,
      "val_spearman": 0.7059120535850525
    },
    {
      "epoch": 8,
      "epoch_time_s": 4.28,
      "train_crossing_penalty": 0.0,
      "train_grad_norm_output": 0.3546692923057911,
      "train_loss": 0.5668150283569513,
      "train_loss_q10": 0.6819349019102348,
      "train_loss_q25": 0.6491687856903372,
      "train_loss_q50": 0.7223172599031019,
      "train_loss_q75": 0.5174948226573856,
      "train_loss_q90": 0.2631593311941901,
      "val_accuracy": 0.8202676773071289,
      "val_auprc": 0.8250696659088135,
      "val_auroc": 0.8942843675613403,
      "val_balanced_accuracy": 0.7993563115596771,
      "val_f1": 0.7392510280299528,
      "val_loss": 0.528771302279304,
      "val_n_samples": 4184,
      "val_pearson": 0.7472949028015137,
      "val_precision": 0.7485954761505127,
      "val_recall": 0.7301369905471802,
      "val_rmse_log10": 0.9999775886535645,
      "val_spearman": 0.7311848402023315
    },
    {
      "epoch": 9,
      "epoch_time_s": 3.85,
      "train_crossing_penalty": 0.0,
      "train_grad_norm_output": 0.40419685147529427,
      "train_loss": 0.494772846384566,
      "train_loss_q10": 0.43127643507580427,