{
  "backend_summary": [
    {
      "encoder_backbone": "groove",
      "max_test_spearman": 0.8463010191917419,
      "mean_test_auroc": 0.9351019058376551,
      "mean_test_rmse_log10": 0.8862813655287027,
      "mean_test_spearman": 0.8221056759357452,
      "n_runs": 32
    },
    {
      "encoder_backbone": "historical_ablation",
      "max_test_spearman": 0.8435156345367432,
      "mean_test_auroc": 0.93328514136374,
      "mean_test_rmse_log10": 0.885525668039918,
      "mean_test_spearman": 0.8219510912895203,
      "n_runs": 32
    }
  ],
  "experiment_dir": "/Users/iskander/code/presto/experiments/2026-03-15_1011_codex_exp16-mainpath-baseline-rebuild",
  "winner": {
    "assay_mode": "additive",
    "batch_size": 256,
    "best_val_loss": 0.0285503976047039,
    "best_val_loss_epoch": 32,
    "best_val_spearman": 0.8237042427062988,
    "best_val_spearman_epoch": 41,
    "cond_id": 1,
    "content_conditioned": "False",
    "device": "cuda",
    "display_label": "c01_mhcflurry_additive_max50k_d32 [dist-ba-v6-mainpath-groove-c01-cc0]",
    "embed_dim": 32,
    "encoder_backbone": "groove",
    "epochs": 50,
    "final_epoch": 50,
    "final_val_loss": 0.0318572029937058,
    "final_val_spearman": 0.8192917108535767,
    "head_type": "mhcflurry",
    "init_checkpoint": NaN,
    "label": "c01_mhcflurry_additive_max50k_d32",
    "lr": 0.001,
    "max_nM": 50000,
    "mean_epoch_s": 1.9522,
    "measurement_profile": "numeric_no_qualitative",
    "n_bins": 128,
    "n_heads": 4,
    "n_layers": 2,
    "n_params": 54803,
    "probe_alleles": "[\"HLA-A*02:01\", \"HLA-A*24:02\"]",
    "run_id": "dist-ba-v6-mainpath-groove-c01-cc0",
    "seed": 42,
    "sigma_mult": 0.75,
    "test_accuracy": 0.8778067827224731,
    "test_auprc": 0.9174090623855592,
    "test_auroc": 0.9491695761680604,
    "test_balanced_accuracy": 0.8672878444194794,
    "test_f1": 0.8414634016078189,
    "test_loss": 0.0281545089092105,
    "test_pearson": 0.8450502753257751,
    "test_precision": 0.8685314655303955,
    "test_recall": 0.8160315155982971,
    "test_rmse_log10": 0.8346529603004456,
    "test_rows": 1915,
    "test_spearman": 0.8463010191917419,
    "train_rows": 15530,
    "val_rows": 1919,
    "warm_start": NaN
  }
}
