{
  "config": {
    "assay_mode": "additive",
    "batch_size": 256,
    "cond_id": 1,
    "device": "cuda",
    "embed_dim": 128,
    "epochs": 20,
    "head_type": "mhcflurry",
    "label": "c01_mhcflurry_additive_max50k",
    "lr": 0.001,
    "max_nM": 50000,
    "n_bins": 128,
    "n_heads": 4,
    "n_layers": 2,
    "n_params": 304530,
    "probe_alleles": [
      "HLA-A*02:01",
      "HLA-A*24:02",
      "HLA-A*03:01",
      "HLA-A*11:01",
      "HLA-A*01:01",
      "HLA-B*07:02",
      "HLA-B*44:02"
    ],
    "seed": 42,
    "sigma_mult": 0.75,
    "test_rows": 4060,
    "train_rows": 32805,
    "val_rows": 4184
  },
  "epoch_summaries": [
    {
      "epoch": 1,
      "epoch_time_s": 4.92,
      "train_grad_norm_output": 0.035818186350340064,
      "train_loss": 0.05939280059795047,
      "train_loss_mhcflurry": 0.05939280059795047,
      "val_accuracy": 0.7903919816017151,
      "val_auprc": 0.7601603865623474,
      "val_auroc": 0.8605201840400696,
      "val_balanced_accuracy": 0.7671951949596405,
      "val_f1": 0.6968544766666614,
      "val_loss": 0.046308513511629665,
      "val_n_samples": 4184,
      "val_pearson": 0.6888183355331421,
      "val_precision": 0.7034193873405457,
      "val_recall": 0.6904109716415405,
      "val_rmse_log10": 1.0614889860153198,
      "val_spearman": 0.6822188496589661
    },
    {
      "epoch": 2,
      "epoch_time_s": 4.14,
      "train_grad_norm_output": 0.040133358975655814,
      "train_loss": 0.04266569112218166,
      "train_loss_mhcflurry": 0.04266569112218166,
      "val_accuracy": 0.831261932849884,
      "val_auprc": 0.8271293044090271,
      "val_auroc": 0.9032720327377319,
      "val_balanced_accuracy": 0.8071641325950623,
      "val_f1": 0.75053003860792,
      "val_loss": 0.035346989629461485,
      "val_n_samples": 4184,
      "val_pearson": 0.7649019956588745,
      "val_precision": 0.7751824855804443,
      "val_recall": 0.7273972630500793,
      "val_rmse_log10": 0.9342943429946899,
      "val_spearman": 0.7451136112213135
    },
    {
      "epoch": 3,
      "epoch_time_s": 3.73,
      "train_grad_norm_output": 0.04968228466202353,
      "train_loss": 0.03334759513652602,
      "train_loss_mhcflurry": 0.03334759513652602,
      "val_accuracy": 0.8422561883926392,
      "val_auprc": 0.8504320383071899,
      "val_auroc": 0.9237985610961914,
      "val_balanced_accuracy": 0.8051193952560425,
      "val_f1": 0.751131220625724,
      "val_loss": 0.03290257361881873,
      "val_n_samples": 4184,
      "val_pearson": 0.7992354035377502,
      "val_precision": 0.8355704545974731,
      "val_recall": 0.682191789150238,
      "val_rmse_log10": 0.9001286625862122,
      "val_spearman": 0.7790169715881348
    },
    {
      "epoch": 4,
      "epoch_time_s": 3.75,
      "train_grad_norm_output": 0.04440438035557898,
      "train_loss": 0.029178720949463142,
      "train_loss_mhcflurry": 0.029178720949463142,
      "val_accuracy": 0.8601816296577454,
      "val_auprc": 0.859375,
      "val_auroc": 0.9293366074562073,
      "val_balanced_accuracy": 0.8443118631839752,
      "val_f1": 0.7980669733573512,
      "val_loss": 0.028729188529884115,
      "val_n_samples": 4184,
      "val_pearson": 0.8133823275566101,
      "val_precision": 0.8044537305831909,
      "val_recall": 0.7917808294296265,
      "val_rmse_log10": 0.8434702754020691,
      "val_spearman": 0.7873886823654175
    },
    {
      "epoch": 5,
      "epoch_time_s": 3.64,
      "train_grad_norm_output": 0.049142597113237825,
      "train_loss": 0.026854627469713375,
      "train_loss_mhcflurry": 0.026854627469713375,
      "val_accuracy": 0.8554015159606934,
      "val_auprc": 0.8580334782600403,
      "val_auroc": 0.9265800714492798,
      "val_balanced_accuracy": 0.8349199295043945,
      "val_f1": 0.7873462195526192,
      "val_loss": 0.029054275549509945,
      "val_n_samples": 4184,
      "val_pearson": 0.8116443753242493,
      "val_precision": 0.8086642622947693,
      "val_recall": 0.767123281955719,
      "val_rmse_log10": 0.848224937915802,
      "val_spearman": 0.7881695032119751
    },
    {
      "epoch": 6,
      "epoch_time_s": 3.63,
      "train_grad_norm_output": 0.047018219666310056,
      "train_loss": 0.025568589495942574,
      "train_loss_mhcflurry": 0.025568589495942574,
      "val_accuracy": 0.8616156578063965,
      "val_auprc": 0.8661463260650635,
      "val_auroc": 0.9298221468925476,
      "val_balanced_accuracy": 0.8422349393367767,
      "val_f1": 0.7969133613288018,
      "val_loss": 0.028942963217987734,
      "val_n_samples": 4184,
      "val_pearson": 0.8136404752731323,
      "val_precision": 0.8166786432266235,
      "val_recall": 0.7780821919441223,
      "val_rmse_log10": 0.8449246287345886,
      "val_spearman": 0.7874226570129395
    },
    {
      "epoch": 7,
      "epoch_time_s": 3.59,
      "train_grad_norm_output": 0.047298694823601446,
      "train_loss": 0.024485313629572705,
      "train_loss_mhcflurry": 0.024485313629572705,
      "val_accuracy": 0.859942615032196,
      "val_auprc": 0.8661084175109863,
      "val_auroc": 0.9303162097930908,
      "val_balanced_accuracy": 0.853186309337616,
      "val_f1": 0.8054448925085967,
      "val_loss": 0.028144925942315775,
      "val_n_samples": 4184,
      "val_pearson": 0.8247579336166382,
      "val_precision": 0.781572163105011,
      "val_recall": 0.8308219313621521,
      "val_rmse_log10": 0.8298162221908569,
      "val_spearman": 0.7981894612312317
    },
    {
      "epoch": 8,
      "epoch_time_s": 3.94,
      "train_grad_norm_output": 0.040026598573886144,
      "train_loss": 0.023207522004611732,
      "train_loss_mhcflurry": 0.023207522004611732,
      "val_accuracy": 0.8628107309341431,
      "val_auprc": 0.8614212870597839,
      "val_auroc": 0.9292392730712891,
      "val_balanced_accuracy": 0.8499858975410461,
      "val_f1": 0.8042291690781992,
      "val_loss": 0.02853746131500777,
      "val_n_samples": 4184,
      "val_pearson": 0.8177838921546936,
      "val_precision": 0.8009510636329651,
      "val_recall": 0.8075342178344727,
      "val_rmse_log10": 0.836207926273346,
      "val_spearman": 0.7914776802062988
    },
    {
      "epoch": 9,
      "epoch_time_s": 3.58,
      "train_grad_norm_output": 0.04078354846050804,
      "train_loss": 0.022762065478997638,
      "train_loss_mhcflurry": 0.022762065478997638,
      "val_accuracy": 0.8616156578063965,
      "val_auprc": 0.8732351064682007,
      "val_auroc": 0.9309078454971313,
      "val_balanced_accuracy": 0.8423938453197479,
      "val_f1": 0.7970557242214772,
      "val_loss": 0.02841365320936722,
      "val_n_samples": 4184,
      "val_pearson": 0.8173391222953796,
      "val_precision": 0.8162239789962769,
      "val_recall": 0.7787671089172363,
      "val_rmse_log10": 0.8360917568206787,
      "val_spearman": 0.789031982421875
    },
    {
      "epoch": 10,
      "epoch_time_s": 3.61,
      "train_grad_norm_output": 0.04188393773294465,
      "train_loss": 0.02192310555729755,
      "train_loss_mhcflurry": 0.02192310555729755,
      "val_accuracy": 0.8616156578063965,
      "val_auprc": 0.8739921450614929,
      "val_auroc": 0.9348225593566895,
      "val_balanced_accuracy": 0.8403279781341553,
      "val_f1": 0.7951892566632451,
      "val_loss": 0.027399510473889464,
      "val_n_samples": 4184,
      "val_pearson": 0.8246179819107056,
      "val_precision": 0.8222385048866272,
      "val_recall": 0.7698630094528198,
      "val_rmse_log10": 0.8239587545394897,
      "val_spearman": 0.8002612590789795
    },
    {
      "epoch": 11,
      "epoch_time_s": 3.57,
      "train_grad_norm_output": 0.04008399440307719,
      "train_loss": 0.021090982994425668,
      "train_loss_mhcflurry": 0.021090982994425668,
      "val_accuracy": 0.8637667298316956,
      "val_auprc": 0.8749158978462219,
      "val_auroc": 0.9335935115814209,
      "val_balanced_accuracy": 0.861844003200531,
      "val_f1": 0.8142112096574895,
      "val_loss": 0.02734038107754553,