{
  "config": {
    "assay_mode": "additive",
    "batch_size": 256,
    "cond_id": 2,
    "device": "cuda",
    "embed_dim": 128,
    "epochs": 20,
    "head_type": "mhcflurry",
    "label": "c02_mhcflurry_additive_max250k",
    "lr": 0.001,
    "max_nM": 250000,
    "n_bins": 128,
    "n_heads": 4,
    "n_layers": 2,
    "n_params": 304530,
    "probe_alleles": [
      "HLA-A*02:01",
      "HLA-A*24:02",
      "HLA-A*03:01",
      "HLA-A*11:01",
      "HLA-A*01:01",
      "HLA-B*07:02",
      "HLA-B*44:02"
    ],
    "seed": 42,
    "sigma_mult": 0.75,
    "test_rows": 4060,
    "train_rows": 32805,
    "val_rows": 4184
  },
  "epoch_summaries": [
    {
      "epoch": 1,
      "epoch_time_s": 4.49,
      "train_grad_norm_output": 0.03017412731062996,
      "train_loss": 0.04566090112162191,
      "train_loss_mhcflurry": 0.04566090112162191,
      "val_accuracy": 0.7958890795707703,
      "val_auprc": 0.7643839716911316,
      "val_auroc": 0.8634607791900635,
      "val_balanced_accuracy": 0.7680797874927521,
      "val_f1": 0.6980198077063571,
      "val_loss": 0.03576018458560986,
      "val_n_samples": 4184,
      "val_pearson": 0.6963657736778259,
      "val_precision": 0.7214912176132202,
      "val_recall": 0.6760274171829224,
      "val_rmse_log10": 1.0451953411102295,
      "val_spearman": 0.6882414221763611
    },
    {
      "epoch": 2,
      "epoch_time_s": 3.78,
      "train_grad_norm_output": 0.033272628008221936,
      "train_loss": 0.03349557542061621,
      "train_loss_mhcflurry": 0.03349557542061621,
      "val_accuracy": 0.834130048751831,
      "val_auprc": 0.827635645866394,
      "val_auroc": 0.9021767377853394,
      "val_balanced_accuracy": 0.8247812688350677,
      "val_f1": 0.7695883342522337,
      "val_loss": 0.028606915024711806,
      "val_n_samples": 4184,
      "val_pearson": 0.7605344653129578,
      "val_precision": 0.7467783689498901,
      "val_recall": 0.7938356399536133,
      "val_rmse_log10": 0.9446762204170227,
      "val_spearman": 0.7533407211303711
    },
    {
      "epoch": 3,
      "epoch_time_s": 3.51,
      "train_grad_norm_output": 0.040271206159693325,
      "train_loss": 0.026517001623215603,
      "train_loss_mhcflurry": 0.026517001623215603,
      "val_accuracy": 0.8336520195007324,
      "val_auprc": 0.8360598087310791,
      "val_auroc": 0.9174799919128418,
      "val_balanced_accuracy": 0.7988292574882507,
      "val_f1": 0.7414561444908099,
      "val_loss": 0.027872507405631682,
      "val_n_samples": 4184,
      "val_pearson": 0.7795993089675903,
      "val_precision": 0.8100649118423462,
      "val_recall": 0.6835616230964661,
      "val_rmse_log10": 0.9428150653839111,
      "val_spearman": 0.7672582864761353
    },
    {
      "epoch": 4,
      "epoch_time_s": 3.5,
      "train_grad_norm_output": 0.03881944495058337,
      "train_loss": 0.02344052639407243,
      "train_loss_mhcflurry": 0.02344052639407243,
      "val_accuracy": 0.8573135733604431,
      "val_auprc": 0.8630048036575317,
      "val_auroc": 0.9298877716064453,
      "val_balanced_accuracy": 0.8463998138904572,
      "val_f1": 0.7985150182788192,
      "val_loss": 0.0228821580462596,
      "val_n_samples": 4184,
      "val_pearson": 0.8110097646713257,
      "val_precision": 0.7870925068855286,
      "val_recall": 0.8102739453315735,
      "val_rmse_log10": 0.8529974818229675,
      "val_spearman": 0.793292760848999
    },
    {
      "epoch": 5,
      "epoch_time_s": 3.48,
      "train_grad_norm_output": 0.03682026627307483,
      "train_loss": 0.02141210247668647,
      "train_loss_mhcflurry": 0.02141210247668647,
      "val_accuracy": 0.8544455170631409,
      "val_auprc": 0.8660166263580322,
      "val_auroc": 0.9306011199951172,
      "val_balanced_accuracy": 0.8416545987129211,
      "val_f1": 0.7930683071661019,
      "val_loss": 0.022294368211399105,
      "val_n_samples": 4184,
      "val_pearson": 0.8186020851135254,
      "val_precision": 0.7869184017181396,
      "val_recall": 0.7993150949478149,
      "val_rmse_log10": 0.8412481546401978,
      "val_spearman": 0.7980102896690369
    },
    {
      "epoch": 6,
      "epoch_time_s": 3.5,
      "train_grad_norm_output": 0.03518920443056859,
      "train_loss": 0.02053918253428252,
      "train_loss_mhcflurry": 0.02053918253428252,
      "val_accuracy": 0.8635277152061462,
      "val_auprc": 0.8698655366897583,
      "val_auroc": 0.9342420101165771,
      "val_balanced_accuracy": 0.8479939997196198,
      "val_f1": 0.8028995625635875,
      "val_loss": 0.022337152184370684,
      "val_n_samples": 4184,
      "val_pearson": 0.8193455338478088,
      "val_precision": 0.8093249797821045,
      "val_recall": 0.7965753674507141,
      "val_rmse_log10": 0.8475228548049927,
      "val_spearman": 0.7964116930961609
    },
    {
      "epoch": 7,
      "epoch_time_s": 3.51,
      "train_grad_norm_output": 0.03526169926563437,
      "train_loss": 0.01979872904169236,
      "train_loss_mhcflurry": 0.01979872904169236,
      "val_accuracy": 0.8601816296577454,
      "val_auprc": 0.8707063794136047,
      "val_auroc": 0.9318439960479736,
      "val_balanced_accuracy": 0.8520985543727875,
      "val_f1": 0.804674468593758,
      "val_loss": 0.02213327312732444,
      "val_n_samples": 4184,
      "val_pearson": 0.823742687702179,
      "val_precision": 0.7850162982940674,
      "val_recall": 0.8253424763679504,
      "val_rmse_log10": 0.828590452671051,
      "val_spearman": 0.8024453520774841
    },
    {
      "epoch": 8,
      "epoch_time_s": 3.75,
      "train_grad_norm_output": 0.030290602699153183,
      "train_loss": 0.01856071135216905,
      "train_loss_mhcflurry": 0.01856071135216905,
      "val_accuracy": 0.8652007579803467,
      "val_auprc": 0.8669742941856384,
      "val_auroc": 0.933407187461853,
      "val_balanced_accuracy": 0.8575422763824463,
      "val_f1": 0.8116232538437699,
      "val_loss": 0.02205669682692079,
      "val_n_samples": 4184,
      "val_pearson": 0.8212323784828186,
      "val_precision": 0.7920469641685486,
      "val_recall": 0.8321917653083801,
      "val_rmse_log10": 0.8335838913917542,
      "val_spearman": 0.7997990846633911
    },
    {
      "epoch": 9,
      "epoch_time_s": 3.49,
      "train_grad_norm_output": 0.031728509827986244,
      "train_loss": 0.018157957215584063,
      "train_loss_mhcflurry": 0.018157957215584063,
      "val_accuracy": 0.8640057444572449,
      "val_auprc": 0.8772187829017639,
      "val_auroc": 0.9364079236984253,
      "val_balanced_accuracy": 0.8601205945014954,
      "val_f1": 0.8130134905914144,
      "val_loss": 0.02175818241256125,
      "val_n_samples": 4184,
      "val_pearson": 0.8262968063354492,
      "val_precision": 0.7814276814460754,
      "val_recall": 0.8472602963447571,
      "val_rmse_log10": 0.8245011568069458,
      "val_spearman": 0.8050082325935364
    },
    {
      "epoch": 10,
      "epoch_time_s": 3.48,
      "train_grad_norm_output": 0.031049329368758573,
      "train_loss": 0.017392506685772146,
      "train_loss_mhcflurry": 0.017392506685772146,
      "val_accuracy": 0.8656787872314453,
      "val_auprc": 0.873154878616333,
      "val_auroc": 0.937226414680481,
      "val_balanced_accuracy": 0.85139399766922,
      "val_f1": 0.8068728528328131,
      "val_loss": 0.021132559570319513,
      "val_n_samples": 4184,
      "val_pearson": 0.8309222459793091,
      "val_precision": 0.8096551895141602,
      "val_recall": 0.8041095733642578,
      "val_rmse_log10": 0.8226329684257507,
      "val_spearman": 0.8099232912063599
    },
    {
      "epoch": 11,
      "epoch_time_s": 3.46,
      "train_grad_norm_output": 0.031053067040593588,
      "train_loss": 0.017113800608199232,
      "train_loss_mhcflurry": 0.017113800608199232,
      "val_accuracy": 0.8580306172370911,
      "val_auprc": 0.8672970533370972,
      "val_auroc": 0.9339077472686768,
      "val_balanced_accuracy": 0.8541015386581421,
      "val_f1": 0.8052459015445144,
      "val_loss": 0.022201600210631594,