{
  "config": {
    "assay_mode": "additive",
    "batch_size": 256,
    "cond_id": 3,
    "device": "cuda",
    "embed_dim": 128,
    "epochs": 20,
    "head_type": "log_mse",
    "label": "c03_log_mse_additive_max50k",
    "lr": 0.001,
    "max_nM": 50000,
    "n_bins": 128,
    "n_heads": 4,
    "n_layers": 2,
    "n_params": 304530,
    "probe_alleles": [
      "HLA-A*02:01",
      "HLA-A*24:02",
      "HLA-A*03:01",
      "HLA-A*11:01",
      "HLA-A*01:01",
      "HLA-B*07:02",
      "HLA-B*44:02"
    ],
    "seed": 42,
    "sigma_mult": 0.75,
    "test_rows": 4060,
    "train_rows": 32805,
    "val_rows": 4184
  },
  "epoch_summaries": [
    {
      "epoch": 1,
      "epoch_time_s": 5.52,
      "train_grad_norm_output": 21.45451116931531,
      "train_loss": 9.432876731074133,
      "train_loss_log_mse": 9.432876731074133,
      "val_accuracy": 0.7801147103309631,
      "val_auprc": 0.7332027554512024,
      "val_auroc": 0.8468728065490723,
      "val_balanced_accuracy": 0.7340353727340698,
      "val_f1": 0.6485867041421894,
      "val_loss": 5.597282269421746,
      "val_n_samples": 4184,
      "val_pearson": 0.6530386209487915,
      "val_precision": 0.7331606149673462,
      "val_recall": 0.5815068483352661,
      "val_rmse_log10": 1.1034318208694458,
      "val_spearman": 0.6520547866821289
    },
    {
      "epoch": 2,
      "epoch_time_s": 4.39,
      "train_grad_norm_output": 11.559668001278427,
      "train_loss": 5.738204061522964,
      "train_loss_log_mse": 5.738204061522964,
      "val_accuracy": 0.7872849106788635,
      "val_auprc": 0.7473282814025879,
      "val_auroc": 0.8560245037078857,
      "val_balanced_accuracy": 0.7522549629211426,
      "val_f1": 0.6761281140797497,
      "val_loss": 5.413056443719303,
      "val_n_samples": 4184,
      "val_pearson": 0.6674596667289734,
      "val_precision": 0.7212733030319214,
      "val_recall": 0.6363013982772827,
      "val_rmse_log10": 1.081756353378296,
      "val_spearman": 0.6601827144622803
    },
    {
      "epoch": 3,
      "epoch_time_s": 4.06,
      "train_grad_norm_output": 9.573228427606036,
      "train_loss": 5.338021197060282,
      "train_loss_log_mse": 5.338021197060282,
      "val_accuracy": 0.7863288521766663,
      "val_auprc": 0.788623571395874,
      "val_auroc": 0.8706834316253662,
      "val_balanced_accuracy": 0.7744040787220001,
      "val_f1": 0.7059210628952179,
      "val_loss": 5.058725427178776,
      "val_n_samples": 4184,
      "val_pearson": 0.7093859910964966,
      "val_precision": 0.6791139245033264,
      "val_recall": 0.7349315285682678,
      "val_rmse_log10": 1.041740894317627,
      "val_spearman": 0.699614405632019
    },
    {
      "epoch": 4,
      "epoch_time_s": 4.02,
      "train_grad_norm_output": 8.961244715276615,
      "train_loss": 4.496296531470247,
      "train_loss_log_mse": 4.496296531470247,
      "val_accuracy": 0.831978976726532,
      "val_auprc": 0.8329219818115234,
      "val_auroc": 0.9014350175857544,
      "val_balanced_accuracy": 0.8137534260749817,
      "val_f1": 0.7578367273948451,
      "val_loss": 3.908863474341,
      "val_n_samples": 4184,
      "val_pearson": 0.770351231098175,
      "val_precision": 0.7623007893562317,
      "val_recall": 0.7534246444702148,
      "val_rmse_log10": 0.9275252223014832,
      "val_spearman": 0.7512504458427429
    },
    {
      "epoch": 5,
      "epoch_time_s": 4.03,
      "train_grad_norm_output": 8.22155714589496,
      "train_loss": 3.832920007927473,
      "train_loss_log_mse": 3.832920007927473,
      "val_accuracy": 0.8329349756240845,
      "val_auprc": 0.8356736302375793,
      "val_auroc": 0.9100740551948547,
      "val_balanced_accuracy": 0.7958949506282806,
      "val_f1": 0.7377110849850956,
      "val_loss": 3.9769545723410213,
      "val_n_samples": 4184,
      "val_pearson": 0.784395158290863,
      "val_precision": 0.8157676458358765,
      "val_recall": 0.6732876896858215,
      "val_rmse_log10": 0.9363319277763367,
      "val_spearman": 0.7607526183128357
    },
    {
      "epoch": 6,
      "epoch_time_s": 3.99,
      "train_grad_norm_output": 7.121706841527954,
      "train_loss": 3.4451801813850107,
      "train_loss_log_mse": 3.4451801813850107,
      "val_accuracy": 0.8482313752174377,
      "val_auprc": 0.8544355034828186,
      "val_auroc": 0.9221010208129883,
      "val_balanced_accuracy": 0.8149523437023163,
      "val_f1": 0.7642035044960955,
      "val_loss": 3.732448325437658,
      "val_n_samples": 4184,
      "val_pearson": 0.798966109752655,
      "val_precision": 0.8345499038696289,
      "val_recall": 0.7047945261001587,
      "val_rmse_log10": 0.9127985835075378,
      "val_spearman": 0.7700219750404358
    },
    {
      "epoch": 7,
      "epoch_time_s": 3.97,
      "train_grad_norm_output": 6.31344580465509,
      "train_loss": 3.209264405013979,
      "train_loss_log_mse": 3.209264405013979,
      "val_accuracy": 0.8554015159606934,
      "val_auprc": 0.8575522899627686,
      "val_auroc": 0.9253275394439697,
      "val_balanced_accuracy": 0.8323773443698883,
      "val_f1": 0.7849271162915332,
      "val_loss": 3.4399217437295353,
      "val_n_samples": 4184,
      "val_pearson": 0.8055303692817688,
      "val_precision": 0.8159645199775696,
      "val_recall": 0.7561643719673157,
      "val_rmse_log10": 0.8745180368423462,
      "val_spearman": 0.7782641053199768
    },
    {
      "epoch": 8,
      "epoch_time_s": 4.39,
      "train_grad_norm_output": 6.49490089749181,
      "train_loss": 2.962692530580269,
      "train_loss_log_mse": 2.962692530580269,
      "val_accuracy": 0.8570745587348938,
      "val_auprc": 0.861640453338623,
      "val_auroc": 0.926456093788147,
      "val_balanced_accuracy": 0.8436737060546875,
      "val_f1": 0.7960436810840794,
      "val_loss": 3.238040103631861,
      "val_n_samples": 4184,
      "val_pearson": 0.8160418272018433,
      "val_precision": 0.7927989363670349,
      "val_recall": 0.7993150949478149,
      "val_rmse_log10": 0.8495626449584961,
      "val_spearman": 0.7888935804367065
    },
    {
      "epoch": 9,
      "epoch_time_s": 4.07,
      "train_grad_norm_output": 6.523088867350142,
      "train_loss": 2.8499060730601466,
      "train_loss_log_mse": 2.8499060730601466,
      "val_accuracy": 0.8697418570518494,
      "val_auprc": 0.8737236261367798,
      "val_auroc": 0.9321646094322205,
      "val_balanced_accuracy": 0.8549911379814148,
      "val_f1": 0.8120041255422112,
      "val_loss": 3.1426599937326767,
      "val_n_samples": 4184,
      "val_pearson": 0.8194953203201294,
      "val_precision": 0.8179290890693665,
      "val_recall": 0.8061643838882446,
      "val_rmse_log10": 0.8399845957756042,
      "val_spearman": 0.7873719930648804
    },
    {
      "epoch": 10,
      "epoch_time_s": 4.05,
      "train_grad_norm_output": 6.9191644857096115,
      "train_loss": 2.6972254995227782,
      "train_loss_log_mse": 2.6972254995227782,
      "val_accuracy": 0.8604206442832947,
      "val_auprc": 0.874748170375824,
      "val_auroc": 0.9320021271705627,
      "val_balanced_accuracy": 0.8478325605392456,
      "val_f1": 0.8012253295524105,
      "val_loss": 3.164392786867478,
      "val_n_samples": 4184,
      "val_pearson": 0.8197001218795776,
      "val_precision": 0.7963464260101318,
      "val_recall": 0.8061643838882446,
      "val_rmse_log10": 0.842125654220581,
      "val_spearman": 0.7891905307769775
    },
    {
      "epoch": 11,
      "epoch_time_s": 4.05,
      "train_grad_norm_output": 5.986113879107689,
      "train_loss": 2.6219529856083006,
      "train_loss_log_mse": 2.6219529856083006,
      "val_accuracy": 0.8678297996520996,
      "val_auprc": 0.8784486055374146,
      "val_auroc": 0.9341354370117188,
      "val_balanced_accuracy": 0.8541583716869354,
      "val_f1": 0.8102915885254578,
      "val_loss": 2.9821619566749122,
      "val_n_samples": 4184,
      "val_pearson": 0.8285838961601257,
      "val_precision": 0.8116838335990906,