{
  "config": {
    "assay_mode": "additive",
    "batch_size": 256,
    "cond_id": 4,
    "device": "cuda",
    "embed_dim": 128,
    "epochs": 20,
    "head_type": "log_mse",
    "label": "c04_log_mse_additive_max250k",
    "lr": 0.001,
    "max_nM": 250000,
    "n_bins": 128,
    "n_heads": 4,
    "n_layers": 2,
    "n_params": 304530,
    "probe_alleles": [
      "HLA-A*02:01",
      "HLA-A*24:02",
      "HLA-A*03:01",
      "HLA-A*11:01",
      "HLA-A*01:01",
      "HLA-B*07:02",
      "HLA-B*44:02"
    ],
    "seed": 42,
    "sigma_mult": 0.75,
    "test_rows": 4060,
    "train_rows": 32805,
    "val_rows": 4184
  },
  "epoch_summaries": [
    {
      "epoch": 1,
      "epoch_time_s": 4.95,
      "train_grad_norm_output": 29.637338363385016,
      "train_loss": 10.019512080406958,
      "train_loss_log_mse": 10.019512080406958,
      "val_accuracy": 0.7626672983169556,
      "val_auprc": 0.7251039147377014,
      "val_auroc": 0.8403790593147278,
      "val_balanced_accuracy": 0.6921906918287277,
      "val_f1": 0.5743677764366595,
      "val_loss": 6.464305190479054,
      "val_n_samples": 4184,
      "val_pearson": 0.6394152045249939,
      "val_precision": 0.7674685120582581,
      "val_recall": 0.45890411734580994,
      "val_rmse_log10": 1.1630059480667114,
      "val_spearman": 0.6434367895126343
    },
    {
      "epoch": 2,
      "epoch_time_s": 4.13,
      "train_grad_norm_output": 13.547907225845396,
      "train_loss": 6.117939605269322,
      "train_loss_log_mse": 6.117939605269322,
      "val_accuracy": 0.7877628803253174,
      "val_auprc": 0.7397397756576538,
      "val_auroc": 0.852429986000061,
      "val_balanced_accuracy": 0.7511918246746063,
      "val_f1": 0.6744867801876935,
      "val_loss": 5.782718167585485,
      "val_n_samples": 4184,
      "val_pearson": 0.6620427370071411,
      "val_precision": 0.7255520224571228,
      "val_recall": 0.6301369667053223,
      "val_rmse_log10": 1.0932244062423706,
      "val_spearman": 0.6586981415748596
    },
    {
      "epoch": 3,
      "epoch_time_s": 3.77,
      "train_grad_norm_output": 8.905949675297553,
      "train_loss": 5.713769055152124,
      "train_loss_log_mse": 5.713769055152124,
      "val_accuracy": 0.7865678668022156,
      "val_auprc": 0.754463255405426,
      "val_auroc": 0.8589292168617249,
      "val_balanced_accuracy": 0.745347797870636,
      "val_f1": 0.6656682935445188,
      "val_loss": 5.506547612302444,
      "val_n_samples": 4184,
      "val_pearson": 0.682448148727417,
      "val_precision": 0.7341040372848511,
      "val_recall": 0.6089041233062744,
      "val_rmse_log10": 1.070845603942871,
      "val_spearman": 0.679085373878479
    },
    {
      "epoch": 4,
      "epoch_time_s": 3.74,
      "train_grad_norm_output": 8.66584067150604,
      "train_loss": 5.092267818229143,
      "train_loss_log_mse": 5.092267818229143,
      "val_accuracy": 0.8071223497390747,
      "val_auprc": 0.7919624447822571,
      "val_auroc": 0.8797999620437622,
      "val_balanced_accuracy": 0.7639938294887543,
      "val_f1": 0.6921022354202888,
      "val_loss": 5.050979221568388,
      "val_n_samples": 4184,
      "val_pearson": 0.7218599319458008,
      "val_precision": 0.7812230587005615,
      "val_recall": 0.6212328672409058,
      "val_rmse_log10": 1.045973300933838,
      "val_spearman": 0.7200171947479248
    },
    {
      "epoch": 5,
      "epoch_time_s": 3.77,
      "train_grad_norm_output": 9.39769932188729,
      "train_loss": 4.172960464344468,
      "train_loss_log_mse": 4.172960464344468,
      "val_accuracy": 0.8267208337783813,
      "val_auprc": 0.8402130603790283,
      "val_auroc": 0.910865068435669,
      "val_balanced_accuracy": 0.7876264750957489,
      "val_f1": 0.7261050147113176,
      "val_loss": 4.145435585695155,
      "val_n_samples": 4184,
      "val_pearson": 0.7838411927223206,
      "val_precision": 0.8096040487289429,
      "val_recall": 0.6582191586494446,
      "val_rmse_log10": 0.9649419784545898,
      "val_spearman": 0.7748066782951355
    },
    {
      "epoch": 6,
      "epoch_time_s": 3.77,
      "train_grad_norm_output": 7.860573880432188,
      "train_loss": 3.6462571288264076,
      "train_loss_log_mse": 3.6462571288264076,
      "val_accuracy": 0.8439292311668396,
      "val_auprc": 0.8343876004219055,
      "val_auroc": 0.9130144119262695,
      "val_balanced_accuracy": 0.8197528719902039,
      "val_f1": 0.7678634862358082,
      "val_loss": 4.060539161457735,
      "val_n_samples": 4184,
      "val_pearson": 0.777243971824646,
      "val_precision": 0.7982261776924133,
      "val_recall": 0.7397260069847107,
      "val_rmse_log10": 0.9320319294929504,
      "val_spearman": 0.7669709324836731
    },
    {
      "epoch": 7,
      "epoch_time_s": 3.83,
      "train_grad_norm_output": 6.936619796494181,
      "train_loss": 3.3922767703847367,
      "train_loss_log_mse": 3.3922767703847367,
      "val_accuracy": 0.8499044179916382,
      "val_auprc": 0.8580483198165894,
      "val_auroc": 0.9226310849189758,
      "val_balanced_accuracy": 0.8230704069137573,
      "val_f1": 0.7734487585387071,
      "val_loss": 3.5490470353294823,
      "val_n_samples": 4184,
      "val_pearson": 0.8073792457580566,
      "val_precision": 0.8170731663703918,
      "val_recall": 0.734246551990509,
      "val_rmse_log10": 0.880466639995575,
      "val_spearman": 0.793633759021759
    },
    {
      "epoch": 8,
      "epoch_time_s": 4.1,
      "train_grad_norm_output": 8.322922604952671,
      "train_loss": 3.216734677322151,
      "train_loss_log_mse": 3.216734677322151,
      "val_accuracy": 0.8520554304122925,
      "val_auprc": 0.8541018962860107,
      "val_auroc": 0.9206218123435974,
      "val_balanced_accuracy": 0.8279006481170654,
      "val_f1": 0.7791651707061241,
      "val_loss": 3.5635965431437775,
      "val_n_samples": 4184,
      "val_pearson": 0.8052789568901062,
      "val_precision": 0.8131049871444702,
      "val_recall": 0.7479451894760132,
      "val_rmse_log10": 0.8962256908416748,
      "val_spearman": 0.7911154627799988
    },
    {
      "epoch": 9,
      "epoch_time_s": 3.73,
      "train_grad_norm_output": 8.190607932186866,
      "train_loss": 3.065605167270631,
      "train_loss_log_mse": 3.065605167270631,
      "val_accuracy": 0.8616156578063965,
      "val_auprc": 0.8557255268096924,
      "val_auroc": 0.9250776171684265,
      "val_balanced_accuracy": 0.8430294692516327,
      "val_f1": 0.7976231940936586,
      "val_loss": 3.5150605650509106,
      "val_n_samples": 4184,
      "val_pearson": 0.8041757941246033,
      "val_precision": 0.8144182562828064,
      "val_recall": 0.7815068364143372,
      "val_rmse_log10": 0.8650876879692078,
      "val_spearman": 0.7893408536911011
    },
    {
      "epoch": 10,
      "epoch_time_s": 3.75,
      "train_grad_norm_output": 7.514221213584722,
      "train_loss": 2.9307545100071635,
      "train_loss_log_mse": 2.9307545100071635,
      "val_accuracy": 0.8582695722579956,
      "val_auprc": 0.8654072880744934,
      "val_auroc": 0.9266149997711182,
      "val_balanced_accuracy": 0.8434790670871735,
      "val_f1": 0.7964298034621407,
      "val_loss": 3.296711199423846,
      "val_n_samples": 4184,
      "val_pearson": 0.8163079023361206,
      "val_precision": 0.7983482480049133,
      "val_recall": 0.7945205569267273,
      "val_rmse_log10": 0.8432776927947998,
      "val_spearman": 0.8011388778686523
    },
    {
      "epoch": 11,
      "epoch_time_s": 3.76,
      "train_grad_norm_output": 7.474220808162245,
      "train_loss": 2.8503591219584146,
      "train_loss_log_mse": 2.8503591219584146,
      "val_accuracy": 0.8549235463142395,
      "val_auprc": 0.8638310432434082,
      "val_auroc": 0.925918698310852,
      "val_balanced_accuracy": 0.8355063199996948,
      "val_f1": 0.7876880055746568,
      "val_loss": 3.319091151742374,
      "val_n_samples": 4184,
      "val_pearson": 0.8130798935890198,
      "val_precision": 0.8048605918884277,