{
  "config": {
    "assay_mode": "affine",
    "batch_size": 256,
    "cond_id": 5,
    "device": "cuda",
    "embed_dim": 128,
    "epochs": 20,
    "head_type": "gaussian",
    "label": "c05_gaussian_affine_max50k",
    "lr": 0.001,
    "max_nM": 50000,
    "n_bins": 128,
    "n_heads": 4,
    "n_layers": 2,
    "n_params": 304756,
    "probe_alleles": [
      "HLA-A*02:01",
      "HLA-A*24:02",
      "HLA-A*03:01",
      "HLA-A*11:01",
      "HLA-A*01:01",
      "HLA-B*07:02",
      "HLA-B*44:02"
    ],
    "seed": 42,
    "sigma_mult": 0.75,
    "test_rows": 4060,
    "train_rows": 32805,
    "val_rows": 4184
  },
  "epoch_summaries": [
    {
      "epoch": 1,
      "epoch_time_s": 5.46,
      "train_grad_norm_output": 3.8573426630838896,
      "train_loss": 2.5443024210227554,
      "train_loss_censor_nll": 1.2988367126893627,
      "train_loss_gaussian_nll": 2.9937421721081403,
      "train_mean_sigma": 5.231934987297354,
      "train_n_censored": 67.51162790697674,
      "train_n_exact": 186.7906976744186,
      "val_accuracy": 0.7832217812538147,
      "val_auprc": 0.7308218479156494,
      "val_auroc": 0.8407663106918335,
      "val_balanced_accuracy": 0.7639133632183075,
      "val_f1": 0.6926465620814242,
      "val_loss": 1.983755434260649,
      "val_n_samples": 4184,
      "val_pearson": 0.637712836265564,
      "val_precision": 0.68544602394104,
      "val_recall": 0.699999988079071,
      "val_rmse_log10": 1.1279239654541016,
      "val_spearman": 0.6387152671813965
    },
    {
      "epoch": 2,
      "epoch_time_s": 4.38,
      "train_grad_norm_output": 1.8699643496395082,
      "train_loss": 1.9829233561375343,
      "train_loss_censor_nll": 0.8033486207326254,
      "train_loss_gaussian_nll": 2.409277452054874,
      "train_mean_sigma": 2.876577613889709,
      "train_n_censored": 67.51162790697674,
      "train_n_exact": 186.7906976744186,
      "val_accuracy": 0.7915869951248169,
      "val_auprc": 0.7645289301872253,
      "val_auroc": 0.8571181297302246,
      "val_balanced_accuracy": 0.7766942381858826,
      "val_f1": 0.7089452616656542,
      "val_loss": 1.939395266420701,
      "val_n_samples": 4184,
      "val_pearson": 0.6716839671134949,
      "val_precision": 0.69140625,
      "val_recall": 0.7273972630500793,
      "val_rmse_log10": 1.0998998880386353,
      "val_spearman": 0.66893070936203
    },
    {
      "epoch": 3,
      "epoch_time_s": 4.11,
      "train_grad_norm_output": 1.8259010294149087,
      "train_loss": 1.9334558932356132,
      "train_loss_censor_nll": 0.7729810393133829,
      "train_loss_gaussian_nll": 2.352043578791064,
      "train_mean_sigma": 2.732480481613514,
      "train_n_censored": 67.51162790697674,
      "train_n_exact": 186.7906976744186,
      "val_accuracy": 0.8068833947181702,
      "val_auprc": 0.7860624194145203,
      "val_auroc": 0.8658789396286011,
      "val_balanced_accuracy": 0.7639691829681396,
      "val_f1": 0.6920731663479528,
      "val_loss": 1.8898548308540792,
      "val_n_samples": 4184,
      "val_pearson": 0.7053487300872803,
      "val_precision": 0.7800687551498413,
      "val_recall": 0.6219177842140198,
      "val_rmse_log10": 1.0814399719238281,
      "val_spearman": 0.6829556822776794
    },
    {
      "epoch": 4,
      "epoch_time_s": 4.03,
      "train_grad_norm_output": 1.6193601849467256,
      "train_loss": 1.8583961272424505,
      "train_loss_censor_nll": 0.723397436530091,
      "train_loss_gaussian_nll": 2.268293724503628,
      "train_mean_sigma": 2.4751890444940376,
      "train_n_censored": 67.51162790697674,
      "train_n_exact": 186.7906976744186,
      "val_accuracy": 0.8300669193267822,
      "val_auprc": 0.8249030709266663,
      "val_auroc": 0.8973910808563232,
      "val_balanced_accuracy": 0.8141919672489166,
      "val_f1": 0.7577512822381969,
      "val_loss": 1.8011538842145134,
      "val_n_samples": 4184,
      "val_pearson": 0.7548704743385315,
      "val_precision": 0.7538983225822449,
      "val_recall": 0.7616438269615173,
      "val_rmse_log10": 0.9691475033760071,
      "val_spearman": 0.7343996167182922
    },
    {
      "epoch": 5,
      "epoch_time_s": 4.15,
      "train_grad_norm_output": 1.6253921378028484,
      "train_loss": 1.7813122900881508,
      "train_loss_censor_nll": 0.6414484926896502,
      "train_loss_gaussian_nll": 2.1949900083763656,
      "train_mean_sigma": 2.2749089862025063,
      "train_n_censored": 67.51162790697674,
      "train_n_exact": 186.7906976744186,
      "val_accuracy": 0.8381931185722351,
      "val_auprc": 0.8203326463699341,
      "val_auroc": 0.9001772403717041,
      "val_balanced_accuracy": 0.8186847269535065,
      "val_f1": 0.7648488897774081,
      "val_loss": 1.8234447451198803,
      "val_n_samples": 4184,
      "val_pearson": 0.7670853734016418,
      "val_precision": 0.7758985161781311,
      "val_recall": 0.7541095614433289,
      "val_rmse_log10": 0.969689667224884,
      "val_spearman": 0.738447904586792
    },
    {
      "epoch": 6,
      "epoch_time_s": 4.03,
      "train_grad_norm_output": 1.765234770700913,
      "train_loss": 1.7402451010637505,
      "train_loss_censor_nll": 0.6009298329667527,
      "train_loss_gaussian_nll": 2.152229444001072,
      "train_mean_sigma": 2.0895791173905365,
      "train_n_censored": 67.51162790697674,
      "train_n_exact": 186.7906976744186,
      "val_accuracy": 0.8324570059776306,
      "val_auprc": 0.8326300978660583,
      "val_auroc": 0.9035114049911499,
      "val_balanced_accuracy": 0.8252443969249725,
      "val_f1": 0.7694837291677521,
      "val_loss": 1.7839875887422,
      "val_n_samples": 4184,
      "val_pearson": 0.7835902571678162,
      "val_precision": 0.7400379776954651,
      "val_recall": 0.801369845867157,
      "val_rmse_log10": 0.9436318278312683,
      "val_spearman": 0.7582919597625732
    },
    {
      "epoch": 7,
      "epoch_time_s": 4.53,
      "train_grad_norm_output": 1.6690113276474237,
      "train_loss": 1.7061539186063663,
      "train_loss_censor_nll": 0.5625129039435424,
      "train_loss_gaussian_nll": 2.119812151258306,
      "train_mean_sigma": 1.9903335959412332,
      "train_n_censored": 67.51162790697674,
      "train_n_exact": 186.7906976744186,
      "val_accuracy": 0.8491873741149902,
      "val_auprc": 0.8487829566001892,
      "val_auroc": 0.9142565727233887,
      "val_balanced_accuracy": 0.8433372378349304,
      "val_f1": 0.7922291483586102,
      "val_loss": 1.759832220918992,
      "val_n_samples": 4184,
      "val_pearson": 0.7923110127449036,
      "val_precision": 0.7628408074378967,
      "val_recall": 0.8239725828170776,
      "val_rmse_log10": 0.9153063297271729,
      "val_spearman": 0.7620004415512085
    },
    {
      "epoch": 8,
      "epoch_time_s": 4.47,
      "train_grad_norm_output": 1.7742285830105922,
      "train_loss": 1.6804245109705962,
      "train_loss_censor_nll": 0.5392936292544815,
      "train_loss_gaussian_nll": 2.093820619952771,
      "train_mean_sigma": 1.9091778568519178,
      "train_n_censored": 67.51162790697674,
      "train_n_exact": 186.7906976744186,
      "val_accuracy": 0.8350860476493835,
      "val_auprc": 0.8543762564659119,
      "val_auroc": 0.913381814956665,
      "val_balanced_accuracy": 0.8342556357383728,
      "val_f1": 0.778704296180515,
      "val_loss": 1.7557224806617289,
      "val_n_samples": 4184,
      "val_pearson": 0.7924137115478516,
      "val_precision": 0.7322074770927429,
      "val_recall": 0.8315068483352661,
      "val_rmse_log10": 0.9225013256072998,
      "val_spearman": 0.766120970249176
    },
    {
      "epoch": 9,
      "epoch_time_s": 4.23,
      "train_grad_norm_output": 1.6528208131013915,
      "train_loss": 1.659185103667799,
      "train_loss_censor_nll": 0.5408614328665327,
      "train_loss_gaussian_nll": 2.0640737104785534,
      "train_mean_sigma": 1.8751499061436616,
      "train_n_censored": 67.51162790697674,
      "train_n_exact": 186.7906976744186,