{
  "config": {
    "assay_mode": "affine",
    "batch_size": 256,
    "cond_id": 6,
    "device": "cuda",
    "embed_dim": 128,
    "epochs": 20,
    "head_type": "gaussian",
    "label": "c06_gaussian_affine_max250k",
    "lr": 0.001,
    "max_nM": 250000,
    "n_bins": 128,
    "n_heads": 4,
    "n_layers": 2,
    "n_params": 304756,
    "probe_alleles": [
      "HLA-A*02:01",
      "HLA-A*24:02",
      "HLA-A*03:01",
      "HLA-A*11:01",
      "HLA-A*01:01",
      "HLA-B*07:02",
      "HLA-B*44:02"
    ],
    "seed": 42,
    "sigma_mult": 0.75,
    "test_rows": 4060,
    "train_rows": 32805,
    "val_rows": 4184
  },
  "epoch_summaries": [
    {
      "epoch": 1,
      "epoch_time_s": 5.89,
      "train_grad_norm_output": 3.9034263283707373,
      "train_loss": 2.5559489348138027,
      "train_loss_censor_nll": 1.2609779746957528,
      "train_loss_gaussian_nll": 3.02269002818322,
      "train_mean_sigma": 5.334540112998134,
      "train_n_censored": 67.51162790697674,
      "train_n_exact": 186.7906976744186,
      "val_accuracy": 0.7815487384796143,
      "val_auprc": 0.7284624576568604,
      "val_auroc": 0.8388557434082031,
      "val_balanced_accuracy": 0.7351366877555847,
      "val_f1": 0.6500765767955884,
      "val_loss": 1.9931625408284805,
      "val_n_samples": 4184,
      "val_pearson": 0.626278817653656,
      "val_precision": 0.7369791865348816,
      "val_recall": 0.5815068483352661,
      "val_rmse_log10": 1.2109434604644775,
      "val_spearman": 0.6363309621810913
    },
    {
      "epoch": 2,
      "epoch_time_s": 4.7,
      "train_grad_norm_output": 1.7471588575100714,
      "train_loss": 1.9963315679121387,
      "train_loss_censor_nll": 0.7169638259928356,
      "train_loss_gaussian_nll": 2.4582153179848842,
      "train_mean_sigma": 3.0267989506093107,
      "train_n_censored": 67.51162790697674,
      "train_n_exact": 186.7906976744186,
      "val_accuracy": 0.7932600378990173,
      "val_auprc": 0.768933892250061,
      "val_auroc": 0.8577600717544556,
      "val_balanced_accuracy": 0.7636770009994507,
      "val_f1": 0.6920612314496197,
      "val_loss": 1.9341132816146402,
      "val_n_samples": 4184,
      "val_pearson": 0.6659597158432007,
      "val_precision": 0.7205337285995483,
      "val_recall": 0.6657534241676331,
      "val_rmse_log10": 1.1484625339508057,
      "val_spearman": 0.6671596169471741
    },
    {
      "epoch": 3,
      "epoch_time_s": 4.3,
      "train_grad_norm_output": 1.5999763903691786,
      "train_loss": 1.9189199310864589,
      "train_loss_censor_nll": 0.6820848632690518,
      "train_loss_gaussian_nll": 2.3658328499904897,
      "train_mean_sigma": 2.791168776593467,
      "train_n_censored": 67.51162790697674,
      "train_n_exact": 186.7906976744186,
      "val_accuracy": 0.8159655928611755,
      "val_auprc": 0.8155918121337891,
      "val_auroc": 0.8872847557067871,
      "val_balanced_accuracy": 0.7679249048233032,
      "val_f1": 0.697802202974008,
      "val_loss": 1.8545985256924349,
      "val_n_samples": 4184,
      "val_pearson": 0.7203472852706909,
      "val_precision": 0.8170955777168274,
      "val_recall": 0.6089041233062744,
      "val_rmse_log10": 1.1081557273864746,
      "val_spearman": 0.7154864072799683
    },
    {
      "epoch": 4,
      "epoch_time_s": 4.5,
      "train_grad_norm_output": 1.7188947362493174,
      "train_loss": 1.8134478025658185,
      "train_loss_censor_nll": 0.5755529870358549,
      "train_loss_gaussian_nll": 2.2601799539817398,
      "train_mean_sigma": 2.475060043408889,
      "train_n_censored": 67.51162790697674,
      "train_n_exact": 186.7906976744186,
      "val_accuracy": 0.8369981050491333,
      "val_auprc": 0.8358782529830933,
      "val_auroc": 0.910343587398529,
      "val_balanced_accuracy": 0.8279373645782471,
      "val_f1": 0.7735723732817968,
      "val_loss": 1.8412112909204819,
      "val_n_samples": 4184,
      "val_pearson": 0.7673873901367188,
      "val_precision": 0.750644326210022,
      "val_recall": 0.7979452013969421,
      "val_rmse_log10": 1.0636426210403442,
      "val_spearman": 0.7569867968559265
    },
    {
      "epoch": 5,
      "epoch_time_s": 4.35,
      "train_grad_norm_output": 1.357595519964085,
      "train_loss": 1.7343961970750676,
      "train_loss_censor_nll": 0.5053454441155574,
      "train_loss_gaussian_nll": 2.1812064000802445,
      "train_mean_sigma": 2.241293951522472,
      "train_n_censored": 67.51162790697674,
      "train_n_exact": 186.7906976744186,
      "val_accuracy": 0.8482313752174377,
      "val_auprc": 0.8473451137542725,
      "val_auroc": 0.9176308512687683,
      "val_balanced_accuracy": 0.8286187648773193,
      "val_f1": 0.7783595126098601,
      "val_loss": 1.7588823437690735,
      "val_n_samples": 4184,
      "val_pearson": 0.773186981678009,
      "val_precision": 0.7935943007469177,
      "val_recall": 0.7636986374855042,
      "val_rmse_log10": 1.015064001083374,
      "val_spearman": 0.757418155670166
    },
    {
      "epoch": 6,
      "epoch_time_s": 4.28,
      "train_grad_norm_output": 1.4965737734654152,
      "train_loss": 1.7057408066683037,
      "train_loss_censor_nll": 0.47511846248724665,
      "train_loss_gaussian_nll": 2.1509042932081592,
      "train_mean_sigma": 2.1281998517901397,
      "train_n_censored": 67.51162790697674,
      "train_n_exact": 186.7906976744186,
      "val_accuracy": 0.8472753167152405,
      "val_auprc": 0.8542218804359436,
      "val_auroc": 0.92042475938797,
      "val_balanced_accuracy": 0.8294736742973328,
      "val_f1": 0.778816184784083,
      "val_loss": 1.7151624016902025,
      "val_n_samples": 4184,
      "val_pearson": 0.7934094071388245,
      "val_precision": 0.787263810634613,
      "val_recall": 0.7705479264259338,
      "val_rmse_log10": 1.013895869255066,
      "val_spearman": 0.7675616145133972
    },
    {
      "epoch": 7,
      "epoch_time_s": 4.26,
      "train_grad_norm_output": 1.3280730252118074,
      "train_loss": 1.6724959251492522,
      "train_loss_censor_nll": 0.4516534079876981,
      "train_loss_gaussian_nll": 2.1136092086170994,
      "train_mean_sigma": 2.05011626823928,
      "train_n_censored": 67.51162790697674,
      "train_n_exact": 186.7906976744186,
      "val_accuracy": 0.8570745587348938,
      "val_auprc": 0.8619275093078613,
      "val_auroc": 0.9288040399551392,
      "val_balanced_accuracy": 0.8346157073974609,
      "val_f1": 0.7877927825454814,
      "val_loss": 1.7143767476081848,
      "val_n_samples": 4184,
      "val_pearson": 0.8054125905036926,
      "val_precision": 0.8173785209655762,
      "val_recall": 0.7602739930152893,
      "val_rmse_log10": 0.9859676361083984,
      "val_spearman": 0.7763242125511169
    },
    {
      "epoch": 8,
      "epoch_time_s": 4.69,
      "train_grad_norm_output": 1.3544716645580854,
      "train_loss": 1.6474934058595998,
      "train_loss_censor_nll": 0.44409368308477626,
      "train_loss_gaussian_nll": 2.083230028780856,
      "train_mean_sigma": 1.9703426869340646,
      "train_n_censored": 67.51162790697674,
      "train_n_exact": 186.7906976744186,
      "val_accuracy": 0.8525334596633911,
      "val_auprc": 0.8712483644485474,
      "val_auroc": 0.930931031703949,
      "val_balanced_accuracy": 0.8484495878219604,
      "val_f1": 0.7980360050414287,
      "val_loss": 1.697438688839183,
      "val_n_samples": 4184,
      "val_pearson": 0.8018885254859924,
      "val_precision": 0.7642633318901062,
      "val_recall": 0.834931492805481,
      "val_rmse_log10": 0.9648385643959045,
      "val_spearman": 0.7834760546684265
    },
    {
      "epoch": 9,
      "epoch_time_s": 4.29,
      "train_grad_norm_output": 1.3146426686944888,
      "train_loss": 1.6250885974529177,
      "train_loss_censor_nll": 0.4183448118756908,
      "train_loss_gaussian_nll": 2.0618903609209283,
      "train_mean_sigma": 1.9484256866366365,
      "train_n_censored": 67.51162790697674,
      "train_n_exact": 186.7906976744186,