{
  "config": {
    "assay_mode": "additive",
    "batch_size": 256,
    "cond_id": 11,
    "device": "cuda",
    "embed_dim": 128,
    "epochs": 20,
    "head_type": "quantile",
    "label": "c11_quantile_additive_max50k",
    "lr": 0.001,
    "max_nM": 50000,
    "n_bins": 128,
    "n_heads": 4,
    "n_layers": 2,
    "n_params": 305302,
    "probe_alleles": [
      "HLA-A*02:01",
      "HLA-A*24:02",
      "HLA-A*03:01",
      "HLA-A*11:01",
      "HLA-A*01:01",
      "HLA-B*07:02",
      "HLA-B*44:02"
    ],
    "seed": 42,
    "sigma_mult": 0.75,
    "test_rows": 4060,
    "train_rows": 32805,
    "val_rows": 4184
  },
  "epoch_summaries": [
    {
      "epoch": 1,
      "epoch_time_s": 4.98,
      "train_crossing_penalty": 0.0,
      "train_grad_norm_output": 0.7083529806876367,
      "train_loss": 0.9217499850332275,
      "train_loss_q10": 0.5829322042391282,
      "train_loss_q25": 1.0852134056793628,
      "train_loss_q50": 1.2889143528864366,
      "train_loss_q75": 1.0466190973917644,
      "train_loss_q90": 0.6050707889619724,
      "val_accuracy": 0.7373327016830444,
      "val_auprc": 0.6645677089691162,
      "val_auroc": 0.798509418964386,
      "val_balanced_accuracy": 0.6666953265666962,
      "val_f1": 0.534913236644202,
      "val_loss": 0.6990197826834286,
      "val_n_samples": 4184,
      "val_pearson": 0.5571202635765076,
      "val_precision": 0.6998892426490784,
      "val_recall": 0.43287670612335205,
      "val_rmse_log10": 1.271757960319519,
      "val_spearman": 0.5584661960601807
    },
    {
      "epoch": 2,
      "epoch_time_s": 4.17,
      "train_crossing_penalty": 0.0,
      "train_grad_norm_output": 0.47899066864751105,
      "train_loss": 0.6458216304926909,
      "train_loss_q10": 0.48402960471404616,
      "train_loss_q25": 0.8316534009090689,
      "train_loss_q50": 0.9305581746175308,
      "train_loss_q75": 0.6725770449915598,
      "train_loss_q90": 0.31028985295646877,
      "val_accuracy": 0.7927820086479187,
      "val_auprc": 0.747489869594574,
      "val_auroc": 0.8459979891777039,
      "val_balanced_accuracy": 0.7526628077030182,
      "val_f1": 0.6761300152302415,
      "val_loss": 0.5919702061835457,
      "val_n_samples": 4184,
      "val_pearson": 0.659945547580719,
      "val_precision": 0.743631899356842,
      "val_recall": 0.6198630332946777,
      "val_rmse_log10": 1.1418077945709229,
      "val_spearman": 0.6467589735984802
    },
    {
      "epoch": 3,
      "epoch_time_s": 3.84,
      "train_crossing_penalty": 0.0,
      "train_grad_norm_output": 0.45748671098041904,
      "train_loss": 0.5946303222530572,
      "train_loss_q10": 0.4493667993896691,
      "train_loss_q25": 0.7678672772969386,
      "train_loss_q50": 0.8636599719062332,
      "train_loss_q75": 0.6011854373207388,
      "train_loss_q90": 0.2910720650539842,
      "val_accuracy": 0.7903919816017151,
      "val_auprc": 0.7578686475753784,
      "val_auroc": 0.8530628085136414,
      "val_balanced_accuracy": 0.7625867426395416,
      "val_f1": 0.690652572160417,
      "val_loss": 0.5705821864745196,
      "val_n_samples": 4184,
      "val_pearson": 0.6793218851089478,
      "val_precision": 0.7120000123977661,
      "val_recall": 0.6705479621887207,
      "val_rmse_log10": 1.0907238721847534,
      "val_spearman": 0.669230043888092
    },
    {
      "epoch": 4,
      "epoch_time_s": 3.85,
      "train_crossing_penalty": 0.0,
      "train_grad_norm_output": 0.4208959768446841,
      "train_loss": 0.569904816705127,
      "train_loss_q10": 0.4259218079175136,
      "train_loss_q25": 0.7332048656404481,
      "train_loss_q50": 0.8247251293455907,
      "train_loss_q75": 0.5815497070781944,
      "train_loss_q90": 0.28412252849386643,
      "val_accuracy": 0.7989961504936218,
      "val_auprc": 0.7749730944633484,
      "val_auroc": 0.8669885396957397,
      "val_balanced_accuracy": 0.7456756830215454,
      "val_f1": 0.6640032118726156,
      "val_loss": 0.5609847237082088,
      "val_n_samples": 4184,
      "val_pearson": 0.69666987657547,
      "val_precision": 0.7967401742935181,
      "val_recall": 0.5691781044006348,
      "val_rmse_log10": 1.095740795135498,
      "val_spearman": 0.6838482022285461
    },
    {
      "epoch": 5,
      "epoch_time_s": 3.86,
      "train_crossing_penalty": 0.0,
      "train_grad_norm_output": 0.4155005476502485,
      "train_loss": 0.550143361784691,
      "train_loss_q10": 0.4103706636170084,
      "train_loss_q25": 0.7029072425162145,
      "train_loss_q50": 0.791190386280533,
      "train_loss_q75": 0.5652532200942668,
      "train_loss_q90": 0.2809952418933543,
      "val_accuracy": 0.8140535354614258,
      "val_auprc": 0.7891663908958435,
      "val_auroc": 0.88057541847229,
      "val_balanced_accuracy": 0.7944250106811523,
      "val_f1": 0.7324621821292299,
      "val_loss": 0.53559950169395,
      "val_n_samples": 4184,
      "val_pearson": 0.719519317150116,
      "val_precision": 0.735497236251831,
      "val_recall": 0.7294520735740662,
      "val_rmse_log10": 1.0300410985946655,
      "val_spearman": 0.7084036469459534
    },
    {
      "epoch": 6,
      "epoch_time_s": 3.84,
      "train_crossing_penalty": 0.0,
      "train_grad_norm_output": 0.4815111904181251,
      "train_loss": 0.5315837675286817,
      "train_loss_q10": 0.39095246214275214,
      "train_loss_q25": 0.6660861793414566,
      "train_loss_q50": 0.7665700168572656,
      "train_loss_q75": 0.5542460783969524,
      "train_loss_q90": 0.2800640506568805,
      "val_accuracy": 0.8107074499130249,
      "val_auprc": 0.8015382885932922,
      "val_auroc": 0.8855648636817932,
      "val_balanced_accuracy": 0.8004364967346191,
      "val_f1": 0.7386138751844947,
      "val_loss": 0.5182504671461442,
      "val_n_samples": 4184,
      "val_pearson": 0.7350938320159912,
      "val_precision": 0.7127388715744019,
      "val_recall": 0.766438364982605,
      "val_rmse_log10": 1.0104910135269165,
      "val_spearman": 0.7209858894348145
    },
    {
      "epoch": 7,
      "epoch_time_s": 3.89,
      "train_crossing_penalty": 0.0,
      "train_grad_norm_output": 0.40944211081016896,
      "train_loss": 0.5088989427385404,
      "train_loss_q10": 0.3706417843814968,
      "train_loss_q25": 0.6340085452841234,
      "train_loss_q50": 0.7316590977269549,
      "train_loss_q75": 0.5336147193298784,
      "train_loss_q90": 0.2745704990486766,
      "val_accuracy": 0.8173996210098267,
      "val_auprc": 0.807207465171814,
      "val_auroc": 0.8877054452896118,
      "val_balanced_accuracy": 0.8011264503002167,
      "val_f1": 0.7406653192342166,
      "val_loss": 0.5085544253096861,
      "val_n_samples": 4184,
      "val_pearson": 0.7425161004066467,
      "val_precision": 0.7341857552528381,
      "val_recall": 0.7472602725028992,
      "val_rmse_log10": 0.996619701385498,
      "val_spearman": 0.7195969223976135
    },
    {
      "epoch": 8,
      "epoch_time_s": 4.22,
      "train_crossing_penalty": 0.0,
      "train_grad_norm_output": 0.37432063827218937,
      "train_loss": 0.486212423836538,
      "train_loss_q10": 0.3528722141140191,
      "train_loss_q25": 0.6067180901534798,
      "train_loss_q50": 0.7001278275667235,
      "train_loss_q75": 0.5094980334126672,
      "train_loss_q90": 0.2618458927139755,
      "val_accuracy": 0.836759090423584,
      "val_auprc": 0.8382430672645569,
      "val_auroc": 0.9066765308380127,
      "val_balanced_accuracy": 0.81059131026268,
      "val_f1": 0.7558098072665876,
      "val_loss": 0.4743879744235207,
      "val_n_samples": 4184,
      "val_pearson": 0.7785383462905884,
      "val_precision": 0.7905759215354919,
      "val_recall": 0.7239726185798645,
      "val_rmse_log10": 0.9468543529510498,
      "val_spearman": 0.7557111382484436
    },
    {
      "epoch": 9,
      "epoch_time_s": 3.89,
      "train_crossing_penalty": 0.0,
      "train_grad_norm_output": 0.3952663109977116,
      "train_loss": 0.44735913498457086,
      "train_loss_q10": 0.3286878927502521,