{
  "best_epoch": 10,
  "best_val_loss": 3.595743179321289,
  "config": {
    "assay_mode": "d2_logit",
    "batch_size": 256,
    "cond_id": 5,
    "device": "cuda",
    "embed_dim": 128,
    "epochs": 10,
    "ff_dim": 128,
    "head_type": "twohot",
    "label": "c05_twohot_d2_logit_max50k_K64",
    "lr": 0.0001,
    "lr_schedule": "warmup_cosine",
    "max_nM": 50000,
    "max_records": 0,
    "min_lr_scale": 0.1,
    "n_bins": 64,
    "n_heads": 4,
    "n_layers": 2,
    "n_params": 318768,
    "probe_alleles": [
      "HLA-A*02:01",
      "HLA-A*24:02",
      "HLA-A*03:01",
      "HLA-A*11:01",
      "HLA-A*01:01",
      "HLA-B*07:02",
      "HLA-B*44:02"
    ],
    "probe_peptides": [
      "SLLQHLIGL",
      "FLRYLLFGI",
      "NFLIKFLLI",
      "IMLEGETKL"
    ],
    "qualifier_filter": "all",
    "seed": 42,
    "sigma_mult": 0.75,
    "test_rows": 4060,
    "train_rows": 32805,
    "val_rows": 4184,
    "warmup_fraction": 0.1,
    "weight_decay": 0.01
  },
  "epoch_summaries": [
    {
      "epoch": 1,
      "epoch_time_s": 4.901,
      "lr_end": 0.0001,
      "train_grad_norm_output": 0.5124113779197368,
      "train_grad_norm_total": 0.574420154094696,
      "train_loss": 4.029447313427001,
      "train_loss_ce": 4.128505069156025,
      "train_loss_surv": 3.757829229036967,
      "train_lr": 5.0883720930232606e-05,
      "train_n_censored": 67.51162790697674,
      "train_n_exact": 186.7906976744186,
      "val_accuracy": 0.5199472308158875,
      "val_auprc": 0.5407474637031555,
      "val_auroc": 0.5695793628692627,
      "val_balanced_accuracy": 0.5,
      "val_coverage_90": 0.8466864228248596,
      "val_entropy_error_srcc": -0.018370306119322777,
      "val_f1": 0.0,
      "val_loss": 3.8870112545350017,
      "val_n_censored": 1151,
      "val_n_exact": 3033,
      "val_n_samples": 3033,
      "val_n_supervised": 4184,
      "val_pearson": 0.1586826741695404,
      "val_pit_ks": 0.18457096815109253,
      "val_precision": 0.0,
      "val_recall": 0.0,
      "val_rmse_log10": 1.5053205490112305,
      "val_spearman": 0.16641241312026978,
      "val_split": "val"
    },
    {
      "epoch": 2,
      "epoch_time_s": 3.84,
      "lr_end": 9.728616793536591e-05,
      "train_grad_norm_output": 0.4391728993072066,
      "train_grad_norm_total": 0.48976471442584846,
      "train_loss": 3.7680343324823897,
      "train_loss_ce": 4.070144562758217,
      "train_loss_surv": 2.922359286814697,
      "train_lr": 9.908115348972895e-05,
      "train_n_censored": 67.51162790697674,
      "train_n_exact": 186.7906976744186,
      "val_accuracy": 0.6155621409416199,
      "val_auprc": 0.6064218282699585,
      "val_auroc": 0.6387524008750916,
      "val_balanced_accuracy": 0.6099957227706909,
      "val_coverage_90": 0.8496537804603577,
      "val_entropy_error_srcc": -0.030447006225585938,
      "val_f1": 0.540220827702061,
      "val_loss": 3.7760891668936787,
      "val_n_censored": 1151,
      "val_n_exact": 3033,
      "val_n_samples": 3033,
      "val_n_supervised": 4184,
      "val_pearson": 0.2920873165130615,
      "val_pit_ks": 0.1133044958114624,
      "val_precision": 0.6342592835426331,
      "val_recall": 0.4704670310020447,
      "val_rmse_log10": 1.42019784450531,
      "val_spearman": 0.30462944507598877,
      "val_split": "val"
    },
    {
      "epoch": 3,
      "epoch_time_s": 3.834,
      "lr_end": 8.947199994035407e-05,
      "train_grad_norm_output": 0.4443551135617633,
      "train_grad_norm_total": 0.5140575339165769,
      "train_loss": 3.693339706391327,
      "train_loss_ce": 4.011890056521394,
      "train_loss_surv": 2.8118800234424977,
      "train_lr": 9.374327835246429e-05,
      "train_n_censored": 67.51162790697674,
      "train_n_exact": 186.7906976744186,
      "val_accuracy": 0.665677547454834,
      "val_auprc": 0.6711386442184448,
      "val_auroc": 0.7034456133842468,
      "val_balanced_accuracy": 0.6612449586391449,
      "val_coverage_90": 0.8463567495346069,
      "val_entropy_error_srcc": -0.0023569350596517324,
      "val_f1": 0.6123853098108791,
      "val_loss": 3.7054856419563293,
      "val_n_censored": 1151,
      "val_n_exact": 3033,
      "val_n_samples": 3033,
      "val_n_supervised": 4184,
      "val_pearson": 0.4194035530090332,
      "val_pit_ks": 0.12044066190719604,
      "val_precision": 0.690517246723175,
      "val_recall": 0.5501373410224915,
      "val_rmse_log10": 1.3532377481460571,
      "val_spearman": 0.4281935691833496,
      "val_split": "val"
    },
    {
      "epoch": 4,
      "epoch_time_s": 3.818,
      "lr_end": 7.75000000000001e-05,
      "train_grad_norm_output": 0.525497295597727,
      "train_grad_norm_total": 0.6261801130549852,
      "train_loss": 3.638032172077386,
      "train_loss_ce": 3.957676567772562,
      "train_loss_surv": 2.7607859049656596,
      "train_lr": 8.373239205600127e-05,
      "train_n_censored": 67.51162790697674,
      "train_n_exact": 186.7906976744186,
      "val_accuracy": 0.6880975961685181,
      "val_auprc": 0.7035397291183472,
      "val_auroc": 0.7332668304443359,
      "val_balanced_accuracy": 0.6844912171363831,
      "val_coverage_90": 0.8496537804603577,
      "val_entropy_error_srcc": -0.034099411219358444,
      "val_f1": 0.646487275652305,
      "val_loss": 3.660339152111727,
      "val_n_censored": 1151,
      "val_n_exact": 3033,
      "val_n_samples": 3033,
      "val_n_supervised": 4184,
      "val_pearson": 0.47139790654182434,
      "val_pit_ks": 0.10089010000228882,
      "val_precision": 0.7090163826942444,
      "val_recall": 0.594093382358551,
      "val_rmse_log10": 1.3025422096252441,
      "val_spearman": 0.4810951054096222,
      "val_split": "val"
    },
    {
      "epoch": 5,
      "epoch_time_s": 3.779,
      "lr_end": 6.281416799501221e-05,
      "train_grad_norm_output": 0.5776102154753929,
      "train_grad_norm_total": 0.6971966092900712,
      "train_loss": 3.6119913962460304,
      "train_loss_ce": 3.9229460779086565,
      "train_loss_surv": 2.7502662359282026,
      "train_lr": 7.02559552326399e-05,
      "train_n_censored": 67.51162790697674,
      "train_n_exact": 186.7906976744186,
      "val_accuracy": 0.7032641172409058,
      "val_auprc": 0.7195168137550354,
      "val_auroc": 0.7486189603805542,
      "val_balanced_accuracy": 0.7012628316879272,
      "val_coverage_90": 0.8513023257255554,
      "val_entropy_error_srcc": -0.05454669147729874,
      "val_f1": 0.6781115828431318,
      "val_loss": 3.635021314901464,
      "val_n_censored": 1151,
      "val_n_exact": 3033,
      "val_n_samples": 3033,
      "val_n_supervised": 4184,
      "val_pearson": 0.5005855560302734,
      "val_pit_ks": 0.10089010000228882,
      "val_precision": 0.7074626684188843,
      "val_recall": 0.651098906993866,
      "val_rmse_log10": 1.269142746925354,
      "val_spearman": 0.5097640156745911,
      "val_split": "val"
    },
    {
      "epoch": 6,
      "epoch_time_s": 4.076,
      "lr_end": 4.718583200498839e-05,
      "train_grad_norm_output": 0.5858620058658511,
      "train_grad_norm_total": 0.7211757870607598,
      "train_loss": 3.5781907647155053,
      "train_loss_ce": 3.9009428948395013,
      "train_loss_surv": 2.6849814681119697,
      "train_lr": 5.493942505430254e-05,
      "train_n_censored": 67.51162790697674,
      "train_n_exact": 186.7906976744186,
      "val_accuracy": 0.6996372938156128,
      "val_auprc": 0.7300313711166382,
      "val_auroc": 0.7576630115509033,
      "val_balanced_accuracy": 0.6963259875774384,
      "val_coverage_90": 0.8430596590042114,
      "val_entropy_error_srcc": -0.04547280818223953,
      "val_f1": 0.6622172828842033,
      "val_loss": 3.6171179063179912,
      "val_n_censored": 1151,
      "val_n_exact": 3033,
      "val_n_samples": 3033,
      "val_n_supervised": 4184,
      "val_pearson": 0.5158500671386719,
      "val_pit_ks": 0.10089010000228882,
      "val_precision": 0.7195810079574585,
      "val_recall": 0.6133241653442383,