{
  "config": {
    "d_model": 256,
    "label": "d256_l2_h8_p21826466",
    "n_heads": 8,
    "n_layers": 2,
    "n_params": 21826466
  },
  "epoch_summaries": [
    {
      "epoch": 1,
      "train_loss": 75.17182769775391,
      "val_loss": 4.794961611429851
    }
  ]
}
