{
  "best_by_test_spearman": {
    "assay_mode": "affine",
    "batch_size": 256,
    "best_val_loss": 1.667099886080798,
    "best_val_loss_epoch": 10,
    "best_val_spearman": 0.8027501702308655,
    "best_val_spearman_epoch": 16,
    "cond_id": 5,
    "device": "cuda",
    "display_label": "c05_gaussian_affine_max50k",
    "embed_dim": 128,
    "epochs": 20,
    "final_epoch": 20,
    "final_val_loss": 3.7112211620106415,
    "final_val_spearman": 0.7971574068069458,
    "head_type": "gaussian",
    "label": "c05_gaussian_affine_max50k",
    "lr": 0.001,
    "max_nM": 50000,
    "mean_epoch_s": 4.327999999999999,
    "n_bins": 128,
    "n_heads": 4,
    "n_layers": 2,
    "n_params": 304756,
    "probe_alleles": "[\"HLA-A*02:01\", \"HLA-A*24:02\", \"HLA-A*03:01\", \"HLA-A*11:01\", \"HLA-A*01:01\", \"HLA-B*07:02\", \"HLA-B*44:02\"]",
    "run_id": "dist-ba-v2-c05",
    "seed": 42,
    "sigma_mult": 0.75,
    "test_accuracy": 0.8497536778450012,
    "test_auprc": 0.8847485184669495,
    "test_auroc": 0.9307788610458374,
    "test_balanced_accuracy": 0.8484310209751129,
    "test_f1": 0.8014323154973984,
    "test_loss": 2.2056287191808224,
    "test_pearson": 0.811098575592041,
    "test_precision": 0.7631742358207703,
    "test_recall": 0.8437286019325256,
    "test_rmse_log10": 0.8731017112731934,
    "test_rows": 4060,
    "test_spearman": 0.79490065574646,
    "train_rows": 32805,
    "val_rows": 4184
  },
  "experiment_dir": "/Users/iskander/code/presto/experiments/2026-03-13_1131_claude_distributional-ba-heads-v2",
  "n_conditions": 8
}
