{
  "config": {
    "d_model": 224,
    "label": "d224_l5_h8_p21598466",
    "n_heads": 8,
    "n_layers": 5,
    "n_params": 21598466
  },
  "epoch_summaries": [
    {
      "epoch": 1,
      "train_loss": 15.753983274682776,
      "val_loss": 1.3497762466088319
    }
  ]
}
