{
  "designs": {
    "A03_log10_100k": {
      "best_val": {
        "design_family": "A03_log10_100k",
        "lr": "2.8e-4",
        "schedule": "onecycle",
        "epochs_recorded": 20.0,
        "diverged": false,
        "setup_wall_s": 44.952221816000005,
        "best_epoch": 12.0,
        "best_val_loss": 0.8335912670149948,
        "best_train_loss": 0.3491481617093086,
        "term_epoch": 20.0,
        "term_val_loss": 0.8555468000245817,
        "term_train_loss": 0.24592167773580814,
        "term_lr": 1.1216092837548364e-08,
        "term_epoch_wall_s": 53.05876558199998,
        "term_gpu_util_mean_pct": 55.01960784313726,
        "term_gpu_mem_util_mean_pct": 25.372549019607842,
        "term_gpu_peak_allocated_gib": 32.75030183792114,
        "best_sll_a02_nm": 36.94057836276764,
        "best_sll_a24_nm": 26993.615821137777,
        "best_sll_ratio_a24_over_a02": 730.7307307441782,
        "best_flr_a02_nm": 28.530077653079093,
        "best_flr_a24_nm": 2039.0146551023245,
        "best_flr_ratio_a24_over_a02": 71.46894866170352,
        "best_nfl_a02_nm": 17431.23827322706,
        "best_nfl_a24_nm": 138.3754863254661,
        "best_nfl_ratio_a02_over_a24": 125.97056556844115,
        "run_id": "broad-lr-r1-a03_log10_100k-lr2p8em4-onecycle-20260312a",
        "app_id": "ap-znsN0ctLcPu8F4xeog2hed",
        "probe_score": 6.818143844604492
      },
      "best_probe": {
        "design_family": "A03_log10_100k",
        "lr": "1e-4",
        "schedule": "warmup_cosine",
        "epochs_recorded": 20.0,
        "diverged": false,
        "setup_wall_s": 44.419091565,
        "best_epoch": 18.0,
        "best_val_loss": 0.8677060460728226,
        "best_train_loss": 0.29445953998755625,
        "term_epoch": 20.0,
        "term_val_loss": 0.8691352820306113,
        "term_train_loss": 0.2788760328030848,
        "term_lr": 1e-05,
        "term_epoch_wall_s": 55.686182318999954,
        "term_gpu_util_mean_pct": 53.0,
        "term_gpu_mem_util_mean_pct": 24.528301886792452,
        "term_gpu_peak_allocated_gib": 32.75030183792114,
        "best_sll_a02_nm": 87.61824060590206,
        "best_sll_a24_nm": 46163.07388386349,
        "best_sll_ratio_a24_over_a02": 526.866022013616,
        "best_flr_a02_nm": 54.3692659877242,
        "best_flr_a24_nm": 2098.276407705917,
        "best_flr_ratio_a24_over_a02": 38.593061163998016,
        "best_nfl_a02_nm": 25611.716302400942,
        "best_nfl_a24_nm": 6.385954930691882,
        "best_nfl_ratio_a02_over_a24": 4010.6321733194663,
        "run_id": "broad-lr-r1-a03_log10_100k-lr1em4-warmup_cosine-20260312a",
        "app_id": "ap-grHTxDTCAhDqOK0Rwjnasv",
        "probe_score": 7.911422252655029
      }
    },
    "A07_mhcflurry_100k": {
      "best_val": {
        "design_family": "A07_mhcflurry_100k",
        "lr": "2.8e-4",
        "schedule": "warmup_cosine",
        "epochs_recorded": 20.0,
        "diverged": false,
        "setup_wall_s": 49.514361136999995,
        "best_epoch": 14.0,
        "best_val_loss": 0.026889522044891208,
        "best_train_loss": 0.011818832478608814,
        "term_epoch": 20.0,
        "term_val_loss": 0.02764519898108009,
        "term_train_loss": 0.009831998209407614,
        "term_lr": 2.8e-05,
        "term_epoch_wall_s": 49.58661798199989,
        "term_gpu_util_mean_pct": 62.1063829787234,
        "term_gpu_mem_util_mean_pct": 28.5531914893617,
        "term_gpu_peak_allocated_gib": 32.751195430755615,
        "best_sll_a02_nm": 207.40714860338727,
        "best_sll_a24_nm": 4440.387620288557,
        "best_sll_ratio_a24_over_a02": 21.409038454984277,
        "best_flr_a02_nm": 157.53436167631912,
        "best_flr_a24_nm": 568.5003042460613,
        "best_flr_ratio_a24_over_a02": 3.60873842504368,
        "best_nfl_a02_nm": 5708.339319591575,
        "best_nfl_a24_nm": 23.188976576126702,
        "best_nfl_ratio_a02_over_a24": 246.16607381752118,
        "run_id": "broad-lr-r1-a07_mhcflurry_100k-lr2p8em4-warmup_cosine-20260312a",
        "app_id": "ap-YQUpJ8arcpK7VyTMQqytAr",
        "probe_score": 4.2791807651519775
      },
      "best_probe": {
        "design_family": "A07_mhcflurry_100k",
        "lr": "1e-4",
        "schedule": "warmup_cosine",
        "epochs_recorded": 20.0,
        "diverged": false,
        "setup_wall_s": 50.863987124999994,
        "best_epoch": 18.0,
        "best_val_loss": 0.0308292345849402,
        "best_train_loss": 0.011177951019707618,
        "term_epoch": 20.0,
        "term_val_loss": 0.03121683049495473,
        "term_train_loss": 0.0107606939874221,
        "term_lr": 1e-05,
        "term_epoch_wall_s": 50.21840353200014,
        "term_gpu_util_mean_pct": 61.708333333333336,
        "term_gpu_mem_util_mean_pct": 28.145833333333332,
        "term_gpu_peak_allocated_gib": 32.751195430755615,
        "best_sll_a02_nm": 333.0683892386741,
        "best_sll_a24_nm": 33092.13945866425,
        "best_sll_ratio_a24_over_a02": 99.3553892469534,
        "best_flr_a02_nm": 512.6382083320376,
        "best_flr_a24_nm": 1063.3113321356027,
        "best_flr_ratio_a24_over_a02": 2.074194460836778,
        "best_nfl_a02_nm": 13025.25241113039,
        "best_nfl_a24_nm": 14.284311239601053,
        "best_nfl_ratio_a02_over_a24": 911.8572252206242,
        "run_id": "broad-lr-r1-a07_mhcflurry_100k-lr1em4-warmup_cosine-20260312a",
        "app_id": "ap-E8I38NqIAixPjs3GNYDbjL",
        "probe_score": 5.273967742919922
      }
    }
  },
  "overall": {
    "best_probe_any": {
      "design_family": "A03_log10_100k",
      "lr": "1e-4",
      "schedule": "warmup_cosine",
      "epochs_recorded": 20.0,
      "diverged": false,
      "setup_wall_s": 44.419091565,
      "best_epoch": 18.0,
      "best_val_loss": 0.8677060460728226,
      "best_train_loss": 0.29445953998755625,
      "term_epoch": 20.0,
      "term_val_loss": 0.8691352820306113,
      "term_train_loss": 0.2788760328030848,
      "term_lr": 1e-05,
      "term_epoch_wall_s": 55.686182318999954,
      "term_gpu_util_mean_pct": 53.0,
      "term_gpu_mem_util_mean_pct": 24.528301886792452,
      "term_gpu_peak_allocated_gib": 32.75030183792114,
      "best_sll_a02_nm": 87.61824060590206,
      "best_sll_a24_nm": 46163.07388386349,
      "best_sll_ratio_a24_over_a02": 526.866022013616,
      "best_flr_a02_nm": 54.3692659877242,
      "best_flr_a24_nm": 2098.276407705917,
      "best_flr_ratio_a24_over_a02": 38.593061163998016,
      "best_nfl_a02_nm": 25611.716302400942,
      "best_nfl_a24_nm": 6.385954930691882,
      "best_nfl_ratio_a02_over_a24": 4010.6321733194663,
      "run_id": "broad-lr-r1-a03_log10_100k-lr1em4-warmup_cosine-20260312a",
      "app_id": "ap-grHTxDTCAhDqOK0Rwjnasv",
      "probe_score": 7.911422252655029
    },
    "best_val_a03": {
      "design_family": "A03_log10_100k",
      "lr": "2.8e-4",
      "schedule": "onecycle",
      "epochs_recorded": 20.0,
      "diverged": false,
      "setup_wall_s": 44.952221816000005,
      "best_epoch": 12.0,
      "best_val_loss": 0.8335912670149948,
      "best_train_loss": 0.3491481617093086,
      "term_epoch": 20.0,
      "term_val_loss": 0.8555468000245817,
      "term_train_loss": 0.24592167773580814,
      "term_lr": 1.1216092837548364e-08,
      "term_epoch_wall_s": 53.05876558199998,
      "term_gpu_util_mean_pct": 55.01960784313726,
      "term_gpu_mem_util_mean_pct": 25.372549019607842,
      "term_gpu_peak_allocated_gib": 32.75030183792114,
      "best_sll_a02_nm": 36.94057836276764,
      "best_sll_a24_nm": 26993.615821137777,
      "best_sll_ratio_a24_over_a02": 730.7307307441782,
      "best_flr_a02_nm": 28.530077653079093,
      "best_flr_a24_nm": 2039.0146551023245,
      "best_flr_ratio_a24_over_a02": 71.46894866170352,
      "best_nfl_a02_nm": 17431.23827322706,
      "best_nfl_a24_nm": 138.3754863254661,
      "best_nfl_ratio_a02_over_a24": 125.97056556844115,
      "run_id": "broad-lr-r1-a03_log10_100k-lr2p8em4-onecycle-20260312a",
      "app_id": "ap-znsN0ctLcPu8F4xeog2hed",