{
  "best_by_test_spearman": {
    "assay_mode": "additive",
    "batch_size": 256,
    "best_val_loss": 0.029565037926658988,
    "best_val_loss_epoch": 22,
    "best_val_spearman": 0.8293803930282593,
    "best_val_spearman_epoch": 16,
    "cond_id": 2,
    "content_conditioned": true,
    "device": "cuda",
    "display_label": "c02_mhcflurry_additive_max50k_d64",
    "embed_dim": 64,
    "epochs": 50,
    "final_epoch": 50,
    "final_val_loss": 0.03237980231642723,
    "final_val_spearman": 0.8181668519973755,
    "head_type": "mhcflurry",
    "label": "c02_mhcflurry_additive_max50k_d64",
    "lr": 0.001,
    "max_nM": 50000,
    "mean_epoch_s": 1.8960000000000001,
    "n_bins": 128,
    "n_heads": 4,
    "n_layers": 2,
    "n_params": 92018,
    "probe_alleles": "[\"HLA-A*02:01\", \"HLA-A*24:02\"]",
    "run_id": "distributional_ba_v5_c02_20260313T183914Z",
    "seed": 42,
    "sigma_mult": 0.75,
    "test_accuracy": 0.8684073090553284,
    "test_auprc": 0.8938234448432922,
    "test_auroc": 0.9396067261695862,
    "test_balanced_accuracy": 0.8639639914035797,
    "test_f1": 0.8357236047655985,
    "test_loss": 0.03028937499038875,
    "test_pearson": 0.8341863751411438,
    "test_precision": 0.8292367458343506,
    "test_recall": 0.842312753200531,
    "test_rmse_log10": 0.8531829118728638,
    "test_rows": 1915,
    "test_spearman": 0.8402541875839233,
    "train_rows": 15530,
    "val_rows": 1919
  },
  "experiment_dir": "/Users/iskander/code/presto/experiments/2026-03-13_1500_claude_content-conditioned-assay",
  "n_conditions": 6
}
