epoch,peptide,allele,kd_log10,kd_nM,ic50_log10,ic50_nM,ec50_log10,ec50_nM,kd_proxy_ic50_log10,kd_proxy_ic50_nM,kd_proxy_ec50_log10,kd_proxy_ec50_nM,probe_kd_log10,probe_kd_nM,binding_prob,presentation_prob,processing_prob
1,SLLQHLIGL,HLA-A*02:01,4.026880741119385,10638.508407104944,3.7091193199157715,5118.2243650100645,4.281257152557373,19109.84447424994,3.9693198204040527,9317.938085929423,4.508553981781006,32251.801767012512,3.357555389404297,2278.0087578721773,0.05284293549833363,,
1,SLLQHLIGL,HLA-A*24:02,4.026082515716553,10618.972979447886,3.6153223514556885,4124.0350858759975,4.235257148742676,17189.258737018237,3.8479995727539062,7046.923757112446,4.471866607666016,29639.208897012064,3.355736255645752,2268.4867954754714,0.06797944030487903,,
1,FLRYLLFGI,HLA-A*02:01,4.026941776275635,10640.003633684093,3.7145776748657227,5182.9578246731435,4.272463321685791,18726.78919353891,3.9730939865112305,9399.266999162084,4.507059574127197,32141.014011457723,3.3574233055114746,2277.316042384045,0.05206780314553638,,
1,FLRYLLFGI,HLA-A*24:02,4.026069164276123,10618.64652720925,3.621506452560425,4183.179037926305,4.225841522216797,16820.601508836233,3.8526344299316406,7122.532341523604,4.469392776489258,29470.85777065566,3.355449676513672,2266.990376434369,0.06686848167901803,,
