{
  "config": {
    "d_model": 224,
    "label": "d224_l4_h4_p20388418",
    "n_heads": 4,
    "n_layers": 4,
    "n_params": 20388418
  },
  "epoch_summaries": [
    {
      "epoch": 1,
      "train_loss": 15.97121524810791,
      "val_loss": 1.2942320215396392
    }
  ]
}
