run_id,label,epoch,peptide,allele,tag,ic50_log10,ic50_nM,binding_prob,processing_prob,presentation_prob,display_label
d224_l4_h4_p20388418,d224_l4_h4_p20388418,4,SLLQHLIGL,HLA-A*02:01,probe_sllqhligl_hla_a_02_01,4.0020856857299805,10048.140192067907,0.0235870524804287,0.0147857060655951,0.6697841882705688,d224_l4_h4_p20388418
d224_l4_h4_p20388418,d224_l4_h4_p20388418,4,SLLQHLIGL,HLA-A*24:02,probe_sllqhligl_hla_a_24_02,3.997182607650757,9935.337113838386,0.0239118472314743,0.0147855058312416,0.6708649396896362,d224_l4_h4_p20388418
d224_l4_h8_p20388418,d224_l4_h8_p20388418,4,SLLQHLIGL,HLA-A*02:01,probe_sllqhligl_hla_a_02_01,3.7685389518737793,5868.660032725084,0.0449629516982612,0.0190605428069829,0.9405936002731324,d224_l4_h8_p20388418
d224_l4_h8_p20388418,d224_l4_h8_p20388418,4,SLLQHLIGL,HLA-A*24:02,probe_sllqhligl_hla_a_24_02,3.775837421417236,5968.118276433153,0.0440759556148717,0.0190606638789176,0.937588393688202,d224_l4_h8_p20388418
d224_l5_h4_p21598466,d224_l5_h4_p21598466,4,SLLQHLIGL,HLA-A*02:01,probe_sllqhligl_hla_a_02_01,4.113576412200928,12989.020798243771,0.0172637373019072,0.0191260706633329,0.7244601845741272,d224_l5_h4_p21598466
d224_l5_h4_p21598466,d224_l5_h4_p21598466,4,SLLQHLIGL,HLA-A*24:02,probe_sllqhligl_hla_a_24_02,4.111514091491699,12927.486457589444,0.0173639899348766,0.0191261116415262,0.7237637042999268,d224_l5_h4_p21598466
d224_l5_h8_p21598466,d224_l5_h8_p21598466,4,SLLQHLIGL,HLA-A*02:01,probe_sllqhligl_hla_a_02_01,4.262096405029297,18285.060643043416,0.0113617568510942,0.0179591197520494,0.4950937330722809,d224_l5_h8_p21598466
d224_l5_h8_p21598466,d224_l5_h8_p21598466,4,SLLQHLIGL,HLA-A*24:02,probe_sllqhligl_hla_a_24_02,4.259374618530273,18170.823859464792,0.0114494408070195,0.0179593209177255,0.4942752420902252,d224_l5_h8_p21598466
