{
  "winner_by_test_spearman": "c01_mhcflurry_additive_max200k_cold",
  "winner_test_spearman": 0.686509370803833,
  "winner_test_auroc": 0.8522762656211853,
  "winner_test_auprc": 0.8386918902397156,
  "winner_test_rmse_log10": 1.0746128559112549,
  "best_by_family": [
    {
      "run_id": "dist-ba-regwarm-20ep-c03",
      "app_id": "ap-o5oaFZ2WFeytaueGRngX2L",
      "label": "c03_log_mse_additive_max200k_cold",
      "head_type": "log_mse",
      "warm_start": false,
      "assay_mode": "additive",
      "max_nM": 200000,
      "n_bins": 128,
      "sigma_mult": 0.75,
      "best_epoch": 20,
      "best_val_loss": 5.264137211967917,
      "n_params": 304530,
      "train_rows": 32805,
      "val_rows": 4184,
      "test_rows": 4060,
      "mean_epoch_time_s": 5.2427,
      "total_epoch_time_s": 104.854,
      "val_accuracy": 0.7464556694030762,
      "val_auprc": 0.7993994355201721,
      "val_auroc": 0.828250527381897,
      "val_balanced_accuracy": 0.7436405420303345,
      "val_f1": 0.7182118103011323,
      "val_loss": 5.264137211967917,
      "val_n_censored": 1151,
      "val_n_exact": 3033,
      "val_n_samples": 3033,
      "val_n_supervised": 4184,
      "val_pearson": 0.6524253487586975,
      "val_precision": 0.7698350548744202,
      "val_recall": 0.6730769276618958,
      "val_rmse_log10": 1.1295121908187866,
      "val_spearman": 0.661807656288147,
      "test_accuracy": 0.7455581426620483,
      "test_auprc": 0.8129768371582031,
      "test_auroc": 0.8298476338386536,
      "test_balanced_accuracy": 0.7434260249137878,
      "test_f1": 0.7149831024910851,
      "test_loss": 5.6089770048856735,
      "test_n_censored": 1077,
      "test_n_exact": 2983,
      "test_n_samples": 2983,
      "test_n_supervised": 4060,
      "test_pearson": 0.6447062492370605,
      "test_precision": 0.7887324094772339,
      "test_recall": 0.6538461446762085,
      "test_rmse_log10": 1.1371018886566162,
      "test_spearman": 0.6461833119392395,
      "probe_HLAA0201_SLLQHLIGL_nM": 196.1875762939453,
      "probe_HLAA0201_FLRYLLFGI_nM": 207.1797332763672,
      "probe_HLAA2402_NFLIKFLLI_nM": 11962.2421875
    },
    {
      "run_id": "dist-ba-regwarm-20ep-c01",
      "app_id": "ap-9oChdh9XLRnM3qxCpSEb8i",
      "label": "c01_mhcflurry_additive_max200k_cold",
      "head_type": "mhcflurry",
      "warm_start": false,
      "assay_mode": "additive",
      "max_nM": 200000,
      "n_bins": 128,
      "sigma_mult": 0.75,
      "best_epoch": 20,
      "best_val_loss": 0.030699110535137793,
      "n_params": 304530,
      "train_rows": 32805,
      "val_rows": 4184,
      "test_rows": 4060,
      "mean_epoch_time_s": 4.5969999999999995,
      "total_epoch_time_s": 91.94,
      "val_accuracy": 0.7711836695671082,
      "val_auprc": 0.8448742628097534,
      "val_auroc": 0.8581706285476685,
      "val_balanced_accuracy": 0.7695805132389069,
      "val_f1": 0.7537260601673836,
      "val_loss": 0.030699110535137793,
      "val_n_censored": 1151,
      "val_n_exact": 3033,
      "val_n_samples": 3033,
      "val_n_supervised": 4184,
      "val_pearson": 0.7131080031394958,
      "val_precision": 0.7797356843948364,
      "val_recall": 0.7293956279754639,
      "val_rmse_log10": 1.0363390445709229,
      "val_spearman": 0.7198623418807983,
      "test_accuracy": 0.7613140940666199,
      "test_auprc": 0.8386918902397156,
      "test_auroc": 0.8522762656211853,
      "test_balanced_accuracy": 0.7600930333137512,
      "test_f1": 0.7435158565288362,
      "test_loss": 0.03400905919261277,
      "test_n_censored": 1077,
      "test_n_exact": 2983,
      "test_n_samples": 2983,
      "test_n_supervised": 4060,
      "test_pearson": 0.6843882203102112,
      "test_precision": 0.7818182110786438,
      "test_recall": 0.708791196346283,
      "test_rmse_log10": 1.0746128559112549,
      "test_spearman": 0.686509370803833,
      "probe_HLAA0201_SLLQHLIGL_nM": 27.900142669677734,
      "probe_HLAA0201_FLRYLLFGI_nM": 63.068275451660156,
      "probe_HLAA2402_NFLIKFLLI_nM": 12645.7705078125
    }
  ],
  "family_summary": [
    {
      "head_type": "mhcflurry",
      "test_spearman": 0.6405275762081146,
      "test_rmse_log10": 1.1281285285949707,
      "test_auroc": 0.8237611651420593,
      "test_auprc": 0.8067019879817963,
      "mean_epoch_time_s": 4.35915
    },
    {
      "head_type": "log_mse",
      "test_spearman": 0.6163245737552643,
      "test_rmse_log10": 1.1686599254608154,
      "test_auroc": 0.8104396164417267,
      "test_auprc": 0.7940178215503693,
      "mean_epoch_time_s": 4.481775
    }
  ],
  "warm_start_summary": [
    {
      "head_type": "log_mse",
      "warm_start": false,
      "test_spearman": 0.6461833119392395,
      "test_rmse_log10": 1.1371018886566162,
      "test_auroc": 0.8298476338386536,
      "test_auprc": 0.8129768371582031,
      "mean_epoch_time_s": 5.2427
    },
    {
      "head_type": "log_mse",
      "warm_start": true,
      "test_spearman": 0.5864658355712891,
      "test_rmse_log10": 1.2002179622650146,
      "test_auroc": 0.7910315990447998,
      "test_auprc": 0.7750588059425354,
      "mean_epoch_time_s": 3.72085
    },
    {
      "head_type": "mhcflurry",
      "warm_start": false,
      "test_spearman": 0.686509370803833,
      "test_rmse_log10": 1.0746128559112549,
      "test_auroc": 0.8522762656211853,
      "test_auprc": 0.8386918902397156,
      "mean_epoch_time_s": 4.5969999999999995
    },
    {
      "head_type": "mhcflurry",
      "warm_start": true,
      "test_spearman": 0.5945457816123962,
      "test_rmse_log10": 1.1816442012786865,
      "test_auroc": 0.7952460646629333,
      "test_auprc": 0.774712085723877,
      "mean_epoch_time_s": 4.1213
    }
  ],
  "cap_summary": [
    {
      "head_type": "log_mse",
      "max_nM": 200000,
      "test_spearman": 0.6163245737552643,
      "test_rmse_log10": 1.1686599254608154,
      "test_auroc": 0.8104396164417267,
      "test_auprc": 0.7940178215503693
    },
    {
      "head_type": "mhcflurry",
      "max_nM": 200000,
      "test_spearman": 0.6405275762081146,
      "test_rmse_log10": 1.1281285285949707,
      "test_auroc": 0.8237611651420593,
      "test_auprc": 0.8067019879817963
    }
  ],
  "max_metric_verification_abs_diff": 0.00026393210023156755,
  "all_expected_files_present": true
}