{
  "best_epoch": 10,
  "best_val_loss": 4.106114008847405,
  "config": {
    "assay_mode": "d2_logit",
    "batch_size": 256,
    "cond_id": 10,
    "device": "cuda",
    "embed_dim": 128,
    "epochs": 10,
    "ff_dim": 128,
    "head_type": "hlgauss",
    "label": "c10_hlgauss_d2_logit_max50k_K128_s0.75",
    "lr": 0.0001,
    "lr_schedule": "warmup_cosine",
    "max_nM": 50000,
    "max_records": 0,
    "min_lr_scale": 0.1,
    "n_bins": 128,
    "n_heads": 4,
    "n_layers": 2,
    "n_params": 333232,
    "probe_alleles": [
      "HLA-A*02:01",
      "HLA-A*24:02",
      "HLA-A*03:01",
      "HLA-A*11:01",
      "HLA-A*01:01",
      "HLA-B*07:02",
      "HLA-B*44:02"
    ],
    "probe_peptides": [
      "SLLQHLIGL",
      "FLRYLLFGI",
      "NFLIKFLLI",
      "IMLEGETKL"
    ],
    "qualifier_filter": "all",
    "seed": 42,
    "sigma_mult": 0.75,
    "test_rows": 4060,
    "train_rows": 32805,
    "val_rows": 4184,
    "warmup_fraction": 0.1,
    "weight_decay": 0.01
  },
  "epoch_summaries": [
    {
      "epoch": 1,
      "epoch_time_s": 5.477,
      "lr_end": 0.0001,
      "train_grad_norm_output": 0.44341944885808365,
      "train_grad_norm_total": 0.4949883703113526,
      "train_loss": 4.601765590120656,
      "train_loss_ce": 4.828872425611629,
      "train_loss_surv": 3.9794490171033283,
      "train_lr": 5.0883720930232606e-05,
      "train_n_censored": 67.51162790697674,
      "train_n_exact": 186.7906976744186,
      "val_accuracy": 0.5199472308158875,
      "val_auprc": 0.5100398659706116,
      "val_auroc": 0.5492122769355774,
      "val_balanced_accuracy": 0.5,
      "val_coverage_90": 0.8348169922828674,
      "val_entropy_error_srcc": -0.001940507092513144,
      "val_f1": 0.0,
      "val_loss": 4.415178944082821,
      "val_n_censored": 1151,
      "val_n_exact": 3033,
      "val_n_samples": 3033,
      "val_n_supervised": 4184,
      "val_pearson": 0.10488887876272202,
      "val_pit_ks": 0.20705193281173706,
      "val_precision": 0.0,
      "val_recall": 0.0,
      "val_rmse_log10": 1.5283209085464478,
      "val_spearman": 0.1047694981098175,
      "val_split": "val"
    },
    {
      "epoch": 2,
      "epoch_time_s": 4.133,
      "lr_end": 9.728616793536591e-05,
      "train_grad_norm_output": 0.4049643998922304,
      "train_grad_norm_total": 0.4459668291631595,
      "train_loss": 4.293230934660564,
      "train_loss_ce": 4.75826692950818,
      "train_loss_surv": 3.001453165860139,
      "train_lr": 9.908115348972895e-05,
      "train_n_censored": 67.51162790697674,
      "train_n_exact": 186.7906976744186,
      "val_accuracy": 0.6007253527641296,
      "val_auprc": 0.602089524269104,
      "val_auroc": 0.637582540512085,
      "val_balanced_accuracy": 0.5922764092683792,
      "val_coverage_90": 0.8394328951835632,
      "val_entropy_error_srcc": -0.0150620611384511,
      "val_f1": 0.47779214483579385,
      "val_loss": 4.2879127754884605,
      "val_n_censored": 1151,
      "val_n_exact": 3033,
      "val_n_samples": 3033,
      "val_n_supervised": 4184,
      "val_pearson": 0.2993641197681427,
      "val_pit_ks": 0.14455586671829224,
      "val_precision": 0.6419466733932495,
      "val_recall": 0.38049450516700745,
      "val_rmse_log10": 1.436377763748169,
      "val_spearman": 0.30227071046829224,
      "val_split": "val"
    },
    {
      "epoch": 3,
      "epoch_time_s": 4.166,
      "lr_end": 8.947199994035407e-05,
      "train_grad_norm_output": 0.4058488748332327,
      "train_grad_norm_total": 0.47980210831923076,
      "train_loss": 4.208656837773877,
      "train_loss_ce": 4.6973494115725964,
      "train_loss_surv": 2.86931313008301,
      "train_lr": 9.374327835246429e-05,
      "train_n_censored": 67.51162790697674,
      "train_n_exact": 186.7906976744186,
      "val_accuracy": 0.652159571647644,
      "val_auprc": 0.6624935865402222,
      "val_auroc": 0.696911096572876,
      "val_balanced_accuracy": 0.6455843448638916,
      "val_coverage_90": 0.8407517075538635,
      "val_entropy_error_srcc": 0.013117622584104538,
      "val_f1": 0.5702647559695334,
      "val_loss": 4.220425791600171,
      "val_n_censored": 1151,
      "val_n_exact": 3033,
      "val_n_samples": 3033,
      "val_n_supervised": 4184,
      "val_pearson": 0.41359391808509827,
      "val_pit_ks": 0.15035557746887207,
      "val_precision": 0.7007007002830505,
      "val_recall": 0.48076921701431274,
      "val_rmse_log10": 1.3755607604980469,
      "val_spearman": 0.41774484515190125,
      "val_split": "val"
    },
    {
      "epoch": 4,
      "epoch_time_s": 4.118,
      "lr_end": 7.75000000000001e-05,
      "train_grad_norm_output": 0.45702784190806306,
      "train_grad_norm_total": 0.5604245951471403,
      "train_loss": 4.143183129702428,
      "train_loss_ce": 4.644147033839262,
      "train_loss_surv": 2.75390332151753,
      "train_lr": 8.373239205600127e-05,
      "train_n_censored": 67.51162790697674,
      "train_n_exact": 186.7906976744186,
      "val_accuracy": 0.6824925541877747,
      "val_auprc": 0.6942484378814697,
      "val_auroc": 0.7278595566749573,
      "val_balanced_accuracy": 0.6795228123664856,
      "val_coverage_90": 0.8486647009849548,
      "val_entropy_error_srcc": -0.018691761419177055,
      "val_f1": 0.6466054841620543,
      "val_loss": 4.167377748910119,
      "val_n_censored": 1151,
      "val_n_exact": 3033,
      "val_n_samples": 3033,
      "val_n_supervised": 4184,
      "val_pearson": 0.46589475870132446,
      "val_pit_ks": 0.10089010000228882,
      "val_precision": 0.6942474246025085,
      "val_recall": 0.6050823926925659,
      "val_rmse_log10": 1.3053925037384033,
      "val_spearman": 0.47255226969718933,
      "val_split": "val"
    },
    {
      "epoch": 5,
      "epoch_time_s": 4.149,
      "lr_end": 6.281416799501221e-05,
      "train_grad_norm_output": 0.4889949802742448,
      "train_grad_norm_total": 0.6117399757684663,
      "train_loss": 4.109668186468672,
      "train_loss_ce": 4.612942581028902,
      "train_loss_surv": 2.725695389185765,
      "train_lr": 7.02559552326399e-05,
      "train_n_censored": 67.51162790697674,
      "train_n_exact": 186.7906976744186,
      "val_accuracy": 0.6953511238098145,
      "val_auprc": 0.7102238535881042,
      "val_auroc": 0.7394137978553772,
      "val_balanced_accuracy": 0.6918617188930511,
      "val_coverage_90": 0.8361358642578125,
      "val_entropy_error_srcc": -0.04072171449661255,
      "val_f1": 0.6557377274934536,
      "val_loss": 4.145733286352718,
      "val_n_censored": 1151,
      "val_n_exact": 3033,
      "val_n_samples": 3033,
      "val_n_supervised": 4184,
      "val_pearson": 0.4860319495201111,
      "val_pit_ks": 0.10089010000228882,
      "val_precision": 0.7166123986244202,
      "val_recall": 0.6043956279754639,
      "val_rmse_log10": 1.299655556678772,
      "val_spearman": 0.49085673689842224,
      "val_split": "val"
    },
    {
      "epoch": 6,
      "epoch_time_s": 4.44,
      "lr_end": 4.718583200498839e-05,
      "train_grad_norm_output": 0.517544492501621,
      "train_grad_norm_total": 0.6697472114433614,
      "train_loss": 4.087724966596263,
      "train_loss_ce": 4.594422528910083,
      "train_loss_surv": 2.6878924443740253,
      "train_lr": 5.493942505430254e-05,
      "train_n_censored": 67.51162790697674,
      "train_n_exact": 186.7906976744186,
      "val_accuracy": 0.6989778876304626,
      "val_auprc": 0.7207990884780884,
      "val_auroc": 0.7516706585884094,
      "val_balanced_accuracy": 0.697088360786438,
      "val_coverage_90": 0.8466864228248596,
      "val_entropy_error_srcc": -0.05332136154174805,
      "val_f1": 0.6745098026599355,
      "val_loss": 4.126336599097533,
      "val_n_censored": 1151,
      "val_n_exact": 3033,
      "val_n_samples": 3033,
      "val_n_supervised": 4184,
      "val_pearson": 0.5061419606208801,
      "val_pit_ks": 0.10089010000228882,
      "val_precision": 0.7012602090835571,
      "val_recall": 0.6497252583503723,